Iterations, Omega_mean, Omega_std, Omega_low, Omega_sup, Ret_mean, Ret_std, Rets_low, Rets_sup, Ts_mean, Ts_std, Ts_low, Ts_sup
0.000000000000000000e+00,7.966179129273760040e+00,3.223702273823233024e-04,7.965948519505328562e+00,7.966409739042191518e+00,1.470938918175546917e+02,9.034215167112418232e-01,1.464476229965891605e+02,1.477401606385202228e+02,2.292027212513243484e+01,1.360732839889103873e-01,2.282293116171532077e+01,2.301761308854954891e+01
8.000000000000000000e+00,7.708103106451476449e+00,2.865380367119125301e-03,7.706053336817676680e+00,7.710152876085276219e+00,1.696994212170694141e+02,2.891503927724911716e+00,1.676309639137824092e+02,1.717678785203564189e+02,2.554509934897270895e+01,4.215949869157921137e-01,2.524350846356751177e+01,2.584669023437790614e+01
1.800000000000000000e+01,7.419879379887102111e+00,5.953997583381566948e-03,7.415620146597805551e+00,7.424138613176398671e+00,2.048655757071670394e+02,7.131620825303133238e+00,1.997639214991512517e+02,2.099672299151828270e+02,2.972010318522519157e+01,1.008495163723212240e+00,2.899866920523602332e+01,3.044153716521435982e+01
2.800000000000000000e+01,7.171422472233418333e+00,1.342008516113429861e-02,7.161822321634929267e+00,7.181022622831907398e+00,2.511122782700559526e+02,1.225607751645818411e+01,2.423448085787675268e+02,2.598797479613443784e+02,3.532513320822835823e+01,1.702507339610574100e+00,3.410723282540299550e+01,3.654303359105372095e+01
3.800000000000000000e+01,6.962953800429626305e+00,2.352500278594735206e-02,6.946125027224145043e+00,6.979782573635107568e+00,3.128261824951974290e+02,2.753615625221362961e+01,2.931280029567873271e+02,3.325243620336075310e+02,4.289680283306687159e+01,3.720700193798783584e+00,4.023517425445383822e+01,4.555843141167990495e+01
4.800000000000000000e+01,6.796259703717074885e+00,3.668558494924413493e-02,6.770016417174723244e+00,6.822502990259426525e+00,3.861437539647791937e+02,4.491161251305177160e+01,3.540159217961016793e+02,4.182715861334567080e+02,5.190107767397209670e+01,5.981667796834978290e+00,4.762205030639209014e+01,5.618010504155210327e+01
5.800000000000000000e+01,6.661275717935285279e+00,5.738150913835492889e-02,6.620227459099182532e+00,6.702323976771388025e+00,4.640602528457084190e+02,7.160059367765049387e+01,4.128402736880970565e+02,5.152802320033197248e+02,6.142873895662116723e+01,9.441415447128232330e+00,5.467475721455069504e+01,6.818272069869163943e+01
6.800000000000000000e+01,6.550666773042745028e+00,8.379649241247620617e-02,6.490722373500878106e+00,6.610611172584611950e+00,5.456282699932067999e+02,1.029207846184989563e+02,4.720031759503062858e+02,6.192533640361073140e+02,7.137568076538147466e+01,1.358970686591450061e+01,6.165419010897845453e+01,8.109717142178449478e+01
7.800000000000000000e+01,6.458726485450482002e+00,1.190286902138168040e-01,6.373578489899538901e+00,6.543874481001425103e+00,6.476706483759692219e+02,1.729644634581017897e+02,5.239393249568347528e+02,7.714019717951036910e+02,8.387162901636334311e+01,2.256183484842522802e+01,6.773186464658095929e+01,1.000113933861457269e+02
8.800000000000000000e+01,6.377172861852947960e+00,1.511492371413921398e-01,6.269047211234390460e+00,6.485298512471505461e+00,7.360897091172516866e+02,2.020775733629970716e+02,5.915321214738942217e+02,8.806472967606091515e+02,9.453371096099257898e+01,2.611151247828317778e+01,7.585466018478594208e+01,1.132127617371992159e+02
9.800000000000000000e+01,6.304673290195166757e+00,1.871823688437182498e-01,6.170771089970251033e+00,6.438575490420082481e+00,7.807644851268888715e+02,1.873887424262330228e+02,6.467146541345152855e+02,9.148143161192624575e+02,9.962020307567175337e+01,2.419150009660272005e+01,8.231464641621468559e+01,1.169257597351288211e+02
1.080000000000000000e+02,6.241393917877777753e+00,2.257770514552815133e-01,6.079882744913632564e+00,6.402905090841922942e+00,8.284540592655364435e+02,2.033499360385113164e+02,6.829862781953735293e+02,9.739218403356993576e+02,1.052001367059091308e+02,2.657539380443327204e+01,8.618924521949858786e+01,1.242110281923196737e+02
1.180000000000000000e+02,6.180874875860956408e+00,2.642620704132118137e-01,5.991833178809540250e+00,6.369916572912372565e+00,8.649227665752416669e+02,2.319958654984975794e+02,6.989629220384473456e+02,1.030882611112036102e+03,1.093484119216240771e+02,3.033150590271674218e+01,8.765055970617444814e+01,1.310462641370737060e+02
1.280000000000000000e+02,6.120612978950823013e+00,2.981041863386186264e-01,5.907362090560119405e+00,6.333863867341526621e+00,9.148053685301634914e+02,2.230247682923236141e+02,7.552630603337775028e+02,1.074347676726549480e+03,1.150751113694540493e+02,2.939726214715551933e+01,9.404557687638821051e+01,1.361046458625198738e+02
1.380000000000000000e+02,6.063164638134399986e+00,3.309764230193712464e-01,5.826398368220012891e+00,6.299930908048787082e+00,9.472784106559314523e+02,2.168690015320999009e+02,7.921396727229048338e+02,1.102417148588958071e+03,1.186149211111047634e+02,2.865499095954675823e+01,9.811637543818446261e+01,1.391134667840250643e+02
1.480000000000000000e+02,6.008165677236715574e+00,3.598324323640441635e-01,5.750757061759384392e+00,6.265574292714046756e+00,9.965259008841621835e+02,2.208732022667784918e+02,8.385227303027628523e+02,1.154529071465561401e+03,1.241793688206053048e+02,2.904688716001280469e+01,1.034004774942650471e+02,1.449582601469455767e+02
1.580000000000000000e+02,5.953194219400890219e+00,3.852968675682367228e-01,5.677569444344058525e+00,6.228818994457721914e+00,1.050043810264163540e+03,2.374858454543772268e+02,8.801566706523894936e+02,1.219930949875937586e+03,1.302030285346287144e+02,3.088366275034641006e+01,1.081101871050582020e+02,1.522958699641992268e+02
1.680000000000000000e+02,5.898071395777398251e+00,4.076770842378861781e-01,5.606436778169217483e+00,6.189706013385579020e+00,1.058865840788569585e+03,2.615783573680560607e+02,8.717439563976007548e+02,1.245987725179538302e+03,1.308334835951679338e+02,3.373773804105985619e+01,1.066989596962769582e+02,1.549680074940588952e+02
1.780000000000000000e+02,5.842451185725038521e+00,4.277280214723153118e-01,5.536472991695387869e+00,6.148429379754689172e+00,1.106262875207666639e+03,2.544117923748631256e+02,9.242676425765363319e+02,1.288258107838796832e+03,1.360455503385006182e+02,3.290892366183104656e+01,1.125039245295437667e+02,1.595871761474574555e+02
1.880000000000000000e+02,5.789088366072516756e+00,4.499204170650871748e-01,5.467234688595945080e+00,6.110942043549088432e+00,1.138914120883169062e+03,2.293246657829376716e+02,9.748651375100790801e+02,1.302963104256259157e+03,1.394531918524709795e+02,2.981400605906374679e+01,1.181255367240079011e+02,1.607808469809340579e+02
1.980000000000000000e+02,5.740278188566348305e+00,4.705005437718305927e-01,5.403702375324728635e+00,6.076854001807967975e+00,1.159654952287507740e+03,2.319975533062787747e+02,9.936939003657612375e+02,1.325616004209254243e+03,1.414555069742560534e+02,2.993905747322956401e+01,1.200383954530703221e+02,1.628726184954417988e+02
2.080000000000000000e+02,5.693546480102211760e+00,4.914874635258446034e-01,5.341957528879885508e+00,6.045135431324538011e+00,1.190170075308524474e+03,2.214509876130734938e+02,1.031753581989494705e+03,1.348586568627554243e+03,1.445376354829667491e+02,2.803816035939490448e+01,1.244803438396679525e+02,1.645949271262655316e+02
2.180000000000000000e+02,5.643113410839825761e+00,5.125620528069148030e-01,5.276448606635172567e+00,6.009778215044478955e+00,1.229634463434541885e+03,2.338728960721162480e+02,1.062331872114225462e+03,1.396937054754858309e+03,1.488012723439225908e+02,2.956382940165448403e+01,1.276525828150453492e+02,1.699499618727998325e+02
2.280000000000000000e+02,5.593527215901628935e+00,5.323914473577581186e-01,5.212677317364171614e+00,5.974377114439086256e+00,1.253769199475376126e+03,2.210168962881159018e+02,1.095663236383468984e+03,1.411875162567283269e+03,1.511481504020019315e+02,2.773854443734841624e+01,1.313051910776724469e+02,1.709911097263314161e+02
2.380000000000000000e+02,5.540591092305149346e+00,5.446680785066302377e-01,5.150959020893513873e+00,5.930223163716784818e+00,1.276873800761032271e+03,2.218465573710368801e+02,1.118174333883857571e+03,1.435573267638206971e+03,1.533966220934242699e+02,2.806965119734624281e+01,1.333168032617227539e+02,1.734764409251257860e+02
2.480000000000000000e+02,5.486566355105319204e+00,5.548390784103490736e-01,5.089658388672114953e+00,5.883474321538523455e+00,1.312007535560092947e+03,2.445242042425856255e+02,1.137085457382602044e+03,1.486929613737583850e+03,1.570140152031543721e+02,3.037879279828080925e+01,1.352823359804019390e+02,1.787456944259068052e+02
2.580000000000000000e+02,5.430700420851261256e+00,5.637634246863770793e-01,5.027408361678388893e+00,5.833992480024133620e+00,1.309931607660465943e+03,2.443465844008827901e+02,1.135136591063371270e+03,1.484726624257560616e+03,1.562093019675532446e+02,3.044585362639932669e+01,1.344296503182873153e+02,1.779889536168191739e+02
2.680000000000000000e+02,5.377980935525907391e+00,5.744169602562340105e-01,4.967067796110326228e+00,5.788894074941488554e+00,1.341889962790475920e+03,2.730013387706929961e+02,1.146596569766562880e+03,1.537183355814388960e+03,1.593490738682724555e+02,3.308550439648174546e+01,1.356811298113250359e+02,1.830170179252198750e+02
2.780000000000000000e+02,5.325233106238274949e+00,5.877627686678378316e-01,4.904772950609933346e+00,5.745693261866616552e+00,1.344954834288434995e+03,2.945975652554851649e+02,1.134212431506110079e+03,1.555697237070759911e+03,1.592640484320208145e+02,3.570833829690773342e+01,1.337198420312371638e+02,1.848082548328044652e+02
2.880000000000000000e+02,5.271107015580332344e+00,5.972098670035115298e-01,4.843888812916353537e+00,5.698325218244311152e+00,1.365461488537455125e+03,2.931193878491608871e+02,1.155776510170967413e+03,1.575146466903942837e+03,1.610881120407072729e+02,3.534390093054700088e+01,1.358046084267369338e+02,1.863716156546776119e+02
2.980000000000000000e+02,5.212800268650200408e+00,6.014431997797031748e-01,4.782553722149577524e+00,5.643046815150823292e+00,1.387357365577480550e+03,3.094842740058737149e+02,1.165965652883660596e+03,1.608749078271300505e+03,1.630086359160921745e+02,3.696315506789799343e+01,1.365667876724755274e+02,1.894504841597088216e+02
3.080000000000000000e+02,5.152375229849973870e+00,5.991099874882893639e-01,4.723797762875067363e+00,5.580952696824880377e+00,1.385410774292317456e+03,3.016479888423355078e+02,1.169624802307248274e+03,1.601196746277386637e+03,1.622408484599874043e+02,3.640423485564927830e+01,1.361988276500793518e+02,1.882828692698954569e+02
3.180000000000000000e+02,5.094847246545904262e+00,5.972472998042231973e-01,4.667602266069426520e+00,5.522092227022382005e+00,1.393557727085509669e+03,3.162922058006687962e+02,1.167295913367029016e+03,1.619819540803990321e+03,1.625818835821841617e+02,3.782741661985860304e+01,1.355217798688232165e+02,1.896419872955451069e+02
3.280000000000000000e+02,5.038245051757600734e+00,5.954929635668551047e-01,4.612255047823887288e+00,5.464235055691314180e+00,1.410331185154660943e+03,3.247206190987562309e+02,1.178040047777170912e+03,1.642622322532150974e+03,1.638873671971754789e+02,3.842027460404261063e+01,1.364031584305793672e+02,1.913715759637715905e+02
3.380000000000000000e+02,4.976723554515732673e+00,5.997865183202713002e-01,4.547662126538077665e+00,5.405784982493387680e+00,1.436115044367440760e+03,3.219850614767804018e+02,1.205780807026462298e+03,1.666449281708419221e+03,1.661757282495671859e+02,3.776608575565759907e+01,1.391594979934604623e+02,1.931919585056739095e+02
3.480000000000000000e+02,4.917996368559061970e+00,6.016881644538198959e-01,4.487574584887094709e+00,5.348418152231029232e+00,1.454148485275614348e+03,3.018309867566430853e+02,1.238231604468770456e+03,1.670065366082458240e+03,1.676300935651734960e+02,3.525117891818940308e+01,1.424129192830769739e+02,1.928472678472700181e+02
3.580000000000000000e+02,4.861985719411102913e+00,6.024395750041994235e-01,4.431026409012716272e+00,5.292945029809489554e+00,1.464330716230678945e+03,2.971521476399214521e+02,1.251760875297822849e+03,1.676900557163535041e+03,1.681541194572600375e+02,3.433622952757050228e+01,1.435914605403398525e+02,1.927167783741802225e+02
3.680000000000000000e+02,4.805424507634212361e+00,6.132809095942310940e-01,4.366709773667103889e+00,5.244139241601320833e+00,1.486402035641038992e+03,2.896515430403891287e+02,1.279197804007277909e+03,1.693606267274800075e+03,1.700483095790068830e+02,3.307353951729273689e+01,1.463889246810162206e+02,1.937076944769975455e+02
3.780000000000000000e+02,4.744831788825530694e+00,6.235150446246875422e-01,4.298795995687934024e+00,5.190867581963127364e+00,1.519827862676623681e+03,2.739694011675642855e+02,1.323841959531715929e+03,1.715813765821531433e+03,1.731450010260860495e+02,3.097092034142139383e+01,1.509897392761432684e+02,1.953002627760288306e+02
3.880000000000000000e+02,4.682405078958256972e+00,6.321498072122475609e-01,4.230192348772388478e+00,5.134617809144125467e+00,1.540111936688098012e+03,2.680548368807935162e+02,1.348357057951432125e+03,1.731866815424763900e+03,1.747783419480011275e+02,2.979283818933398820e+01,1.534658294013335365e+02,1.960908544946687186e+02
3.980000000000000000e+02,4.625471318886284600e+00,6.478652450718476175e-01,4.162016441697482527e+00,5.088926196075086672e+00,1.565963432619213108e+03,2.431880038812212774e+02,1.391997214597960465e+03,1.739929650640465752e+03,1.771250734548136165e+02,2.681059296900530242e+01,1.579459306217521828e+02,1.963042162878750503e+02
4.080000000000000000e+02,4.569014992393869434e+00,6.615042344390077433e-01,4.095803369971055652e+00,5.042226614816683217e+00,1.579276827878782115e+03,2.459393298037094553e+02,1.403342429858351352e+03,1.755211225899212877e+03,1.780247190908936830e+02,2.653789587793546190e+01,1.590406520051622579e+02,1.970087861766251081e+02
4.180000000000000000e+02,4.509611183584822491e+00,6.776571103972397481e-01,4.024844489794292102e+00,4.994377877375352881e+00,1.601616869762314309e+03,2.152176858113280957e+02,1.447659411934049785e+03,1.755574327590578832e+03,1.799378902482534670e+02,2.255394257118491197e+01,1.638037716734986304e+02,1.960720088230083036e+02
4.280000000000000000e+02,4.447944317782602575e+00,6.988928912201080035e-01,3.947986461527138502e+00,4.947902174038066647e+00,1.621451650322072737e+03,2.074771590056410560e+02,1.473031431799967550e+03,1.769871868844177925e+03,1.815209325324752001e+02,2.118325520522818550e+01,1.663673446308594350e+02,1.966745204340909652e+02
4.380000000000000000e+02,4.383825616873929576e+00,7.165006066046248900e-01,3.871271959820103969e+00,4.896379273927754738e+00,1.630845454569993763e+03,2.267047566502720031e+02,1.468670641287924354e+03,1.793020267852063171e+03,1.819305561696086215e+02,2.307108183246360511e+01,1.654264984529588673e+02,1.984346138862583757e+02
4.480000000000000000e+02,4.319102138502090682e+00,7.409765500002709615e-01,3.789039446310485282e+00,4.849164830693696082e+00,1.657894526132140072e+03,2.090580601301787169e+02,1.508343399072968623e+03,1.807445653191311521e+03,1.842900540020184224e+02,2.020655825661469507e+01,1.698351530076161282e+02,1.987449549964207165e+02
4.580000000000000000e+02,4.252004231195548378e+00,7.625924290968365549e-01,3.706478470613979059e+00,4.797529991777118141e+00,1.665675071815091314e+03,2.235044795451902644e+02,1.505789598861103968e+03,1.825560544769078660e+03,1.845136293333281969e+02,2.169409240616613133e+01,1.689946105122039910e+02,2.000326481544524029e+02
4.680000000000000000e+02,4.186252375808207304e+00,7.835218426653778323e-01,3.625754614692844768e+00,4.746750136923569841e+00,1.681893008830930285e+03,2.044390840115867718e+02,1.535646098236623629e+03,1.828139919425236940e+03,1.857811278997028523e+02,1.934346807591221662e+01,1.719436444265259354e+02,1.996186113728797693e+02
4.780000000000000000e+02,4.122727081833799545e+00,8.023236053434106285e-01,3.548779349942624783e+00,4.696674813724974307e+00,1.685208167494129611e+03,2.124904565225805868e+02,1.533201651971686715e+03,1.837214683016572508e+03,1.856542645367792659e+02,2.045690144537525157e+01,1.710202788134389209e+02,2.002882502601196109e+02
4.880000000000000000e+02,4.056624169488514120e+00,8.249366469409465941e-01,3.466500042125949310e+00,4.646748296851079374e+00,1.708668055219183316e+03,2.013665687540316185e+02,1.564619089633013346e+03,1.852717020805353286e+03,1.875975764781195210e+02,1.860579670067137670e+01,1.742877913175446736e+02,2.009073616386943684e+02
4.980000000000000000e+02,3.985541286490464241e+00,8.471633451759760236e-01,3.379517137048947184e+00,4.591565435931981298e+00,1.723595409077767499e+03,2.117716942080415663e+02,1.572103065140768649e+03,1.875087753014766349e+03,1.885756229204227452e+02,1.942246335693023696e+01,1.746816296274319313e+02,2.024696162134135591e+02
5.080000000000000000e+02,3.919536104901415907e+00,8.727072038222231098e-01,3.295238979772629584e+00,4.543833230030202230e+00,1.737887835568477840e+03,1.877428672088095425e+02,1.603584678967319178e+03,1.872190992169636502e+03,1.896999577021419441e+02,1.662049916912240732e+01,1.778103688411312362e+02,2.015895465631526520e+02
5.180000000000000000e+02,3.852767959006210052e+00,8.954546941565871832e-01,3.212198259573646908e+00,4.493337658438773197e+00,1.737931685572745891e+03,2.069265879721449153e+02,1.589905321841669547e+03,1.885958049303822236e+03,1.890978993293540498e+02,1.843718895881358222e+01,1.759087288813142322e+02,2.022870697773938673e+02
5.280000000000000000e+02,3.792586721342676270e+00,9.176998668876537035e-01,3.136103783972837178e+00,4.449069658712515363e+00,1.752473013075264362e+03,1.763623978808307697e+02,1.626310953800856851e+03,1.878635072349671873e+03,1.903119065776975845e+02,1.479333477637387340e+01,1.797293923833501879e+02,2.008944207720449810e+02
5.380000000000000000e+02,3.737282166054323174e+00,9.430394418734809880e-01,3.062672388724469119e+00,4.411891943384176784e+00,1.752105905671016899e+03,1.742535790177629451e+02,1.627452404533707977e+03,1.876759406808325821e+03,1.899131006154606496e+02,1.444268661082693761e+01,1.795814250078968541e+02,2.002447762230244450e+02
5.480000000000000000e+02,3.686259849041773062e+00,9.718780031488988280e-01,2.991020207745812343e+00,4.381499490337733782e+00,1.749468357381257647e+03,1.957178366254065054e+02,1.609460251333175847e+03,1.889476463429339447e+03,1.892900455275694753e+02,1.696762266596479307e+01,1.771521394758741792e+02,2.014279515792647715e+02
5.580000000000000000e+02,3.638987179688383922e+00,1.004942254791040490e+00,2.920094797640063522e+00,4.357879561736703877e+00,1.757238505001680551e+03,1.831047608075251389e+02,1.626253249845223536e+03,1.888223760158137566e+03,1.898004859893073331e+02,1.498749171734579555e+01,1.790790802863970441e+02,2.005218916922176220e+02
5.680000000000000000e+02,3.596897024714857061e+00,1.041822939091284983e+00,2.851621790456100314e+00,4.342172258973613808e+00,1.755139468564631443e+03,1.921668067444678911e+02,1.617671616265123021e+03,1.892607320864139865e+03,1.892467364968310335e+02,1.502370626582792212e+01,1.784994244665680867e+02,1.999940485270939803e+02
5.780000000000000000e+02,3.560080214304366386e+00,1.081901756931373804e+00,2.786134320921286989e+00,4.334026107687446228e+00,1.763228223781058205e+03,1.910102715482678093e+02,1.626587706921128756e+03,1.899868740640987653e+03,1.898722908386657764e+02,1.428521117337036550e+01,1.796532663728044383e+02,2.000913153045271144e+02
5.880000000000000000e+02,3.522223166183303000e+00,1.118638806289256049e+00,2.721997170837742175e+00,4.322449161528863826e+00,1.783720834063459506e+03,1.783301427236005736e+02,1.656151134926624081e+03,1.911290533200294931e+03,1.918769612538530112e+02,1.232659150582694174e+01,1.830590488933033839e+02,2.006948736144026384e+02
5.980000000000000000e+02,3.483976446243211456e+00,1.153327975839292918e+00,2.658935313898271868e+00,4.309017578588150599e+00,1.787812007905929931e+03,1.820397257430774403e+02,1.657588632937907278e+03,1.918035382873952585e+03,1.920544021129968826e+02,1.213084885912516064e+01,1.833765156065548183e+02,2.007322886194389469e+02
6.080000000000000000e+02,3.442862429045800976e+00,1.185181377488008225e+00,2.595034745853372016e+00,4.290690112238229936e+00,1.806449616515841171e+03,1.567511471918567452e+02,1.694316600856158402e+03,1.918582632175523941e+03,1.939583903353579615e+02,9.455016621393198761e+00,1.871946788993479913e+02,2.007221017713679316e+02
6.180000000000000000e+02,3.405881289866822925e+00,1.210673991493885326e+00,2.539817289194506333e+00,4.271945290539139961e+00,1.792645621776613552e+03,1.662987181825383516e+02,1.673682685273674224e+03,1.911608558279552881e+03,1.923972037358627176e+02,1.192914139736359580e+01,1.838636100551739503e+02,2.009307974165514850e+02
6.280000000000000000e+02,3.373044688224023702e+00,1.236663699335154964e+00,2.488388770563765284e+00,4.257700605884282119e+00,1.789560028297205690e+03,1.747891069753300144e+02,1.664523433537120354e+03,1.914596623057291026e+03,1.919122599433963501e+02,1.286926052542604815e+01,1.827061455520299944e+02,2.011183743347627058e+02
6.380000000000000000e+02,3.342690570916421855e+00,1.266486717625048941e+00,2.436700551166137707e+00,4.248680590666706003e+00,1.795003986647495822e+03,1.723340117418032378e+02,1.671723661217485187e+03,1.918284312077506456e+03,1.923171627708943561e+02,1.182891866004134762e+01,1.838552641174825339e+02,2.007790614243061782e+02
6.480000000000000000e+02,3.311256734965245307e+00,1.300643403389552422e+00,2.380832494168871882e+00,4.241680975761618733e+00,1.799363668382221249e+03,1.824257368976492444e+02,1.668864157669000861e+03,1.929863179095441637e+03,1.926006723002295473e+02,1.270383807251008257e+01,1.835128940029562443e+02,2.016884505975028503e+02
6.580000000000000000e+02,3.286569930783795002e+00,1.339636454373948071e+00,2.328251741681573339e+00,4.244888119886017108e+00,1.799325759913672755e+03,1.904154373725590688e+02,1.663110761789233038e+03,1.935540758038112472e+03,1.924504214188642095e+02,1.262732575281453862e+01,1.834173767378755713e+02,2.014834660998528477e+02
6.680000000000000000e+02,3.266652378058252815e+00,1.387141347301385830e+00,2.274351235733851340e+00,4.258953520382654290e+00,1.804250052269119351e+03,1.847747340752531500e+02,1.672070170202836835e+03,1.936429934335401867e+03,1.929096588593416186e+02,1.072670058182427866e+01,1.852362395200481444e+02,2.005830781986350928e+02
6.780000000000000000e+02,3.248461014403007052e+00,1.436425200924017265e+00,2.220904327037700021e+00,4.276017701768314083e+00,1.805712282358301991e+03,1.906809172630825060e+02,1.669307371360784828e+03,1.942117193355819154e+03,1.930243578779363247e+02,1.077191393839200906e+01,1.853185948517808299e+02,2.007301209040918195e+02
6.880000000000000000e+02,3.228580454473247041e+00,1.482875646344760101e+00,2.167795120191638780e+00,4.289365788754855302e+00,1.819288158521427704e+03,1.785172723553206708e+02,1.691584594910232909e+03,1.946991722132622499e+03,1.945728379367058096e+02,9.137856663112158273e+00,1.880360090671437945e+02,2.011096668062678248e+02
6.980000000000000000e+02,3.205598216488528607e+00,1.523710859966901809e+00,2.115601130136272712e+00,4.295595302840784058e+00,1.810002829542347627e+03,1.878278745628793729e+02,1.675638862343398387e+03,1.944366796741296866e+03,1.935659918619282394e+02,1.075101580375557120e+01,1.858751784607064508e+02,2.012568052631500279e+02
7.080000000000000000e+02,3.184904069368097446e+00,1.569800608562794242e+00,2.061936363064152289e+00,4.307871775672042602e+00,1.810179666651260732e+03,1.957810433686875626e+02,1.670126345222869986e+03,1.950232988079651477e+03,1.935564893479449609e+02,1.144833172617553885e+01,1.853668461859893455e+02,2.017461325099005762e+02
7.180000000000000000e+02,3.167339492329235284e+00,1.615788062618474186e+00,2.011474343179382451e+00,4.323204641479088117e+00,1.808151504085227089e+03,2.005236360337561621e+02,1.664705536241759546e+03,1.951597471928694631e+03,1.934090527540451490e+02,1.234805284767506173e+01,1.845757878743934555e+02,2.022423176336968424e+02
7.280000000000000000e+02,3.149937158956039429e+00,1.663473743949233530e+00,1.959959728351174491e+00,4.339914589560904368e+00,1.805791049571746726e+03,2.063780685629263587e+02,1.658157072988103891e+03,1.953425026155389560e+03,1.932583691937915944e+02,1.337813169703199456e+01,1.836882302955767443e+02,2.028285080920064445e+02
7.380000000000000000e+02,3.134696523694613823e+00,1.711090528388042209e+00,1.910656097502192008e+00,4.358736949887035195e+00,1.803221128205253535e+03,2.195517342519838735e+02,1.646163278894232917e+03,1.960278977516274153e+03,1.930485610933831708e+02,1.480132717979265955e+01,1.824603294780549732e+02,2.036367927087113685e+02
7.480000000000000000e+02,3.124096787295167044e+00,1.757848996932476204e+00,1.866607367717718180e+00,4.381586206872615463e+00,1.814184315375933920e+03,1.997443941834789598e+02,1.671295783571469428e+03,1.957072847180398412e+03,1.944037126515606246e+02,1.125653033689311222e+01,1.863512759379995032e+02,2.024561493651217461e+02
7.580000000000000000e+02,3.114201635338821106e+00,1.804763431537654395e+00,1.823151650977697713e+00,4.405251619699944499e+00,1.789897899989375901e+03,2.106745640605266203e+02,1.639190395680130678e+03,1.940605404298621124e+03,1.919373314493120688e+02,1.189333240732209518e+01,1.834293539769446681e+02,2.004453089216794694e+02
7.680000000000000000e+02,3.109365250415260906e+00,1.857792763902675004e+00,1.780380366928765890e+00,4.438350133901756145e+00,1.775655823081576727e+03,2.403924299269704363e+02,1.603689438194598551e+03,1.947622207968554903e+03,1.903222677139771122e+02,1.384494020196949826e+01,1.804181941279978219e+02,2.002263412999564025e+02
7.780000000000000000e+02,3.101066314968165649e+00,1.907753649899018633e+00,1.736341566656677049e+00,4.465791063279654693e+00,1.755398843615933174e+03,2.628189465829304368e+02,1.567389495162653702e+03,1.943408192069212646e+03,1.882812851396308815e+02,1.737675265872782049e+01,1.758507051221802158e+02,2.007118651570815473e+02
7.880000000000000000e+02,3.095309044329956016e+00,1.946381808324068707e+00,1.702951376124877791e+00,4.487666712535034463e+00,1.737354852439523484e+03,2.995538864321787855e+02,1.523066911075331973e+03,1.951642793803714994e+03,1.862794692936594743e+02,2.203933698934617880e+01,1.705134773757147002e+02,2.020454612116042483e+02
7.980000000000000000e+02,3.092030622076853419e+00,1.986821934584235283e+00,1.670743830273970998e+00,4.513317413879735618e+00,1.721964572591663455e+03,3.177742980719979755e+02,1.494642533931628577e+03,1.949286611251698332e+03,1.846922694532685512e+02,2.421468513346954055e+01,1.673701272175740371e+02,2.020144116889630652e+02
8.080000000000000000e+02,3.089436346665951572e+00,2.028555942065748408e+00,1.638294844398092476e+00,4.540577848933811111e+00,1.720098352254500696e+03,3.204930621776940711e+02,1.490831426915800193e+03,1.949365277593201199e+03,1.845625746064589805e+02,2.430517801271173184e+01,1.671756976646590260e+02,2.019494515482589350e+02
8.180000000000000000e+02,3.088649026246529594e+00,2.064965957278146913e+00,1.611461368150643114e+00,4.565836684342416518e+00,1.708694609225618478e+03,3.223535762516463592e+02,1.478096752295494298e+03,1.939292466155742659e+03,1.834792834662616485e+02,2.445107754839335357e+01,1.659880362840365819e+02,2.009705306484867151e+02
8.280000000000000000e+02,3.088748986483417447e+00,2.101329716472257303e+00,1.585548262121627694e+00,4.591949710845207200e+00,1.716398482747651997e+03,3.360014865606871695e+02,1.476037498926134049e+03,1.956759466569169945e+03,1.842715015179283000e+02,2.542955975357448395e+01,1.660802903328751938e+02,2.024627127029814062e+02
8.380000000000000000e+02,3.090128012346239572e+00,2.138809243761058188e+00,1.560116049306568220e+00,4.620139975385910702e+00,1.704634713577923321e+03,3.410612283794766881e+02,1.460654208503997324e+03,1.948615218651849318e+03,1.831472076341106572e+02,2.591689249867655320e+01,1.646073796043519621e+02,2.016870356638693522e+02
8.480000000000000000e+02,3.097040368876416316e+00,2.178395840261813099e+00,1.538709860646771954e+00,4.655370877106060234e+00,1.703079520612858005e+03,3.424020163227892795e+02,1.458139873624265419e+03,1.948019167601450590e+03,1.832060656790460200e+02,2.588885876784498308e+01,1.646862917722373254e+02,2.017258395858547146e+02
8.580000000000000000e+02,3.101179779384456658e+00,2.220556725913539697e+00,1.512689190442772835e+00,4.689670368326140704e+00,1.705339861045491034e+03,3.528611023275688581e+02,1.452918234653427362e+03,1.957761487437554706e+03,1.836229578724044700e+02,2.683814371102432972e+01,1.644241064257756193e+02,2.028218093190333207e+02
8.680000000000000000e+02,3.104068650192885581e+00,2.257940765100317826e+00,1.488835130646538607e+00,4.719302169739232333e+00,1.690405252377301849e+03,3.518832792703526025e+02,1.438683118462017546e+03,1.942127386292586152e+03,1.822172438509946346e+02,2.685882035765516562e+01,1.630036012224064734e+02,2.014308864795827958e+02
8.780000000000000000e+02,3.105279116354770164e+00,2.291013781498570712e+00,1.466386586127250258e+00,4.744171646582289625e+00,1.703102422445690081e+03,3.556204280663679924e+02,1.448706893330603862e+03,1.957497951560776301e+03,1.836779237129618707e+02,2.673731704448451652e+01,1.645511993185464519e+02,2.028046481073772895e+02
8.880000000000000000e+02,3.098363467786460212e+00,2.314309048890669018e+00,1.442806507153991058e+00,4.753920428418929589e+00,1.700075447148325111e+03,3.471917828244145312e+02,1.451709407614894644e+03,1.948441486681755578e+03,1.834571248193499287e+02,2.571555661598250708e+01,1.650613238036924884e+02,2.018529258350073690e+02
8.980000000000000000e+02,3.091304582560187697e+00,2.330500049799797413e+00,1.424165277613089309e+00,4.758443887507286085e+00,1.693696057532867371e+03,3.483863370255385234e+02,1.444475485402128015e+03,1.942916629663606727e+03,1.828225700304951147e+02,2.583593196082751575e+01,1.643406576805963653e+02,2.013044823803938641e+02
9.080000000000000000e+02,3.083827856346554430e+00,2.346069764220690246e+00,1.405550648664760871e+00,4.762105064028347989e+00,1.708818951508936152e+03,3.452306679355489791e+02,1.461855809054621886e+03,1.955782093963250418e+03,1.843845917544488771e+02,2.477031182066577841e+01,1.666649781309369871e+02,2.021042053779607670e+02
9.180000000000000000e+02,3.078843021036939298e+00,2.363860925349570596e+00,1.387838783376686314e+00,4.769847258697192061e+00,1.702132151071249154e+03,3.351518008446736872e+02,1.462378995794570756e+03,1.941885306347927553e+03,1.836576255609292616e+02,2.318232137592026376e+01,1.670739918686527687e+02,2.002412592532057545e+02
9.280000000000000000e+02,3.075970966317101762e+00,2.377126841494429765e+00,1.375476863928835947e+00,4.776465068705367578e+00,1.692779516880205847e+03,3.319011807710841708e+02,1.455351715121797724e+03,1.930207318638613970e+03,1.827398266791695676e+02,2.288290907898134208e+01,1.663703796412354450e+02,1.991092737171036902e+02
9.380000000000000000e+02,3.072483884164167733e+00,2.385460429573467600e+00,1.366028291992197996e+00,4.778939476336137915e+00,1.702202702972999077e+03,3.283177206659096328e+02,1.467338354148032977e+03,1.937067051797965178e+03,1.838333140907444658e+02,2.216564943815083311e+01,1.679769636902395291e+02,1.996896644912494025e+02
9.480000000000000000e+02,3.068098990379377167e+00,2.394547603578872863e+00,1.355142825527048345e+00,4.781055155231705989e+00,1.691339137459659923e+03,3.385451070099609296e+02,1.449158557183631729e+03,1.933519717735688118e+03,1.825828374316190548e+02,2.364916091248053931e+01,1.656652468528924658e+02,1.995004280103456438e+02
9.580000000000000000e+02,3.067455173319800998e+00,2.403297239430698173e+00,1.348239896036298680e+00,4.786670450603303095e+00,1.675517646210708790e+03,3.277310609329621798e+02,1.441072968477151107e+03,1.909962323944266473e+03,1.811016099848411613e+02,2.282198020234006464e+01,1.647757488395843097e+02,1.974274711300980130e+02
9.680000000000000000e+02,3.065346468085356602e+00,2.404842632801998281e+00,1.345025682981281445e+00,4.785667253189432202e+00,1.690089013142473505e+03,3.335206904818541602e+02,1.451502683928208853e+03,1.928675342356738156e+03,1.826258965449252401e+02,2.318696923146915623e+01,1.660389379770839753e+02,1.992128551127665048e+02
9.780000000000000000e+02,3.064607809135704741e+00,2.404261516164338364e+00,1.344702729831543486e+00,4.784512888439865996e+00,1.687392827212492875e+03,3.279181468417653491e+02,1.452814316282066329e+03,1.921971338142919421e+03,1.823894829445350183e+02,2.249738460493122005e+01,1.662958235015263995e+02,1.984831423875436371e+02
9.880000000000000000e+02,3.064881555420028381e+00,2.396345254791136803e+00,1.350639428358512362e+00,4.779123682481544400e+00,1.680515451777211638e+03,3.325286561730698622e+02,1.442638781156677624e+03,1.918392122397745652e+03,1.814770667527087369e+02,2.318074884636543942e+01,1.648945579803090880e+02,1.980595755251083858e+02
9.980000000000000000e+02,3.067260333863443211e+00,2.395981576896413667e+00,1.353278366295459945e+00,4.781242301431426256e+00,1.697984524559753936e+03,3.355168507456164662e+02,1.457970228315418808e+03,1.937998820804089064e+03,1.832120865010780904e+02,2.275505739947866957e+01,1.669340990450138520e+02,1.994900739571423287e+02
1.008000000000000000e+03,3.068680089542391354e+00,2.391119040668627349e+00,1.358176570845399223e+00,4.779183608239383929e+00,1.707138175437582049e+03,3.278545986258815219e+02,1.472605124162249012e+03,1.941671226712915086e+03,1.841683680336765008e+02,2.133686616717045581e+01,1.689048934696053266e+02,1.994318425977476750e+02
1.018000000000000000e+03,3.065585915528799443e+00,2.392017868999871233e+00,1.354439413777786427e+00,4.776732417279812459e+00,1.717709698700749868e+03,3.214462534367386297e+02,1.487760901412198109e+03,1.947658495989301628e+03,1.852548146946329553e+02,1.992162617153676152e+01,1.710037418350186442e+02,1.995058875542472663e+02
1.028000000000000000e+03,3.061559044655550288e+00,2.397556548822390887e+00,1.346450410043637635e+00,4.776667679267463384e+00,1.721935428070998341e+03,3.183961225193612563e+02,1.494168562998251900e+03,1.949702293143744782e+03,1.856452393626929336e+02,1.902820726087747261e+01,1.720332798907273570e+02,1.992571988346585101e+02
1.038000000000000000e+03,3.059081472173727612e+00,2.402834105658149699e+00,1.340197500832797539e+00,4.777965443514657906e+00,1.711065838375905969e+03,3.208766618665310943e+02,1.481524502350674538e+03,1.940607174401137399e+03,1.845342155611884323e+02,1.965669723893964971e+01,1.704726614430940970e+02,1.985957696792827676e+02
1.048000000000000000e+03,3.060515934281796024e+00,2.409276071067478320e+00,1.337023658497395351e+00,4.784008210066196476e+00,1.714307957072767749e+03,3.240582694481353769e+02,1.482490636092004706e+03,1.946125278053530792e+03,1.847515849992015262e+02,1.958356920226290399e+01,1.707423435271626602e+02,1.987608264712403923e+02
1.058000000000000000e+03,3.063318938023461335e+00,2.412845899781836945e+00,1.337272960615176309e+00,4.789364915431746361e+00,1.705180064087255687e+03,3.243282859185189864e+02,1.473169584959682652e+03,1.937190543214828722e+03,1.838447620569286869e+02,1.967540483069941004e+01,1.697698253338752750e+02,1.979196987799820988e+02
1.068000000000000000e+03,3.068444030323127514e+00,2.419344158601163031e+00,1.337749478591770513e+00,4.799138582054484736e+00,1.699021629345479596e+03,3.189620288047268559e+02,1.470849939303374867e+03,1.927193319387584324e+03,1.834240290645597895e+02,1.927185718933299441e+01,1.696377729336387006e+02,1.972102851954808784e+02
1.078000000000000000e+03,3.073301702151175707e+00,2.424019765713304686e+00,1.339262422582627066e+00,4.807340981719724127e+00,1.690266224643079113e+03,3.237652176535896729e+02,1.458658540287346113e+03,1.921873908998812112e+03,1.825083435004063404e+02,2.005549213535196529e+01,1.681615086991048145e+02,1.968551783017078662e+02
1.088000000000000000e+03,3.074105168059053206e+00,2.432893801614974816e+00,1.333717785624573882e+00,4.814492550493532974e+00,1.696283449473347673e+03,3.260835243483814452e+02,1.463017348413379295e+03,1.929549550533316051e+03,1.831564734463772766e+02,2.009801455606916676e+01,1.687792199377578868e+02,1.975337269549966663e+02
1.098000000000000000e+03,3.070403628802805596e+00,2.444119767592945802e+00,1.321985674079996231e+00,4.818821583525615182e+00,1.705674743259063689e+03,3.315551872041090178e+02,1.468494450388206360e+03,1.942855036129921018e+03,1.840925140448666468e+02,2.024849232743560634e+01,1.696076152233079029e+02,1.985774128664253908e+02
1.108000000000000000e+03,3.061967624429930090e+00,2.453915399364188232e+00,1.306542296871393782e+00,4.817392951988466621e+00,1.703350875387298856e+03,3.262264487506896558e+02,1.469982532369110231e+03,1.936719218405487482e+03,1.839790741524204236e+02,1.955827975634876736e+01,1.699879236601639434e+02,1.979702246446769038e+02
1.118000000000000000e+03,3.055222674679632267e+00,2.467887540782963018e+00,1.289802279266229590e+00,4.820643070093034943e+00,1.701612116285827142e+03,3.293115487417587701e+02,1.466036825683472898e+03,1.937187406888181386e+03,1.837378279196803703e+02,1.947352348301356173e+01,1.698073084128770347e+02,1.976683474264837059e+02
1.128000000000000000e+03,3.049918039822663740e+00,2.481889216701549383e+00,1.274481448845990350e+00,4.825354630799337130e+00,1.674119523417812843e+03,3.442825728333879738e+02,1.427834607342329264e+03,1.920404439493296422e+03,1.808151568305612500e+02,2.245091265820899906e+01,1.647547414155734202e+02,1.968755722455490798e+02
1.138000000000000000e+03,3.042978360392050163e+00,2.494376938409061939e+00,1.258608591452293757e+00,4.827348129331806348e+00,1.688834260212526033e+03,3.486005432931980863e+02,1.439460454148918188e+03,1.938208066276133877e+03,1.824073933323416554e+02,2.222146911012871584e+01,1.665111119439993104e+02,1.983036747206840005e+02
1.148000000000000000e+03,3.035129193371791878e+00,2.507092255725746899e+00,1.241663434378166508e+00,4.828594952365417470e+00,1.684164431455054455e+03,3.542428590999956555e+02,1.430754355813488473e+03,1.937574507096620437e+03,1.817242601174295658e+02,2.267340456140327731e+01,1.655046835829731720e+02,1.979438366518859596e+02
1.158000000000000000e+03,3.029865656516243178e+00,2.519236136278141025e+00,1.227712688704399646e+00,4.832018624328086709e+00,1.691211525795104990e+03,3.523987261825251949e+02,1.439120663371546016e+03,1.943302388218663964e+03,1.825811970984605637e+02,2.189096822126339248e+01,1.669213418033914991e+02,1.982410523935296283e+02
1.168000000000000000e+03,3.020534542396531741e+00,2.533370282907995374e+00,1.208270615183275609e+00,4.832798469609787873e+00,1.692611036654218651e+03,3.486515303799253616e+02,1.443200756626006068e+03,1.942021316682431234e+03,1.826166415412237143e+02,2.059507033957846645e+01,1.678838157452272810e+02,1.973494673372201476e+02
1.178000000000000000e+03,3.009145434409773223e+00,2.547536175804922642e+00,1.186747837883715961e+00,4.831543030935830707e+00,1.695709180867615260e+03,3.469162280728057226e+02,1.447540261328716042e+03,1.943878100406514477e+03,1.829344093379908429e+02,1.957148942662020019e+01,1.689338092168803200e+02,1.969350094591013658e+02
1.188000000000000000e+03,2.998429113820966219e+00,2.557813038790917926e+00,1.168679892386348840e+00,4.828178335255583598e+00,1.695713874751190360e+03,3.460395613106609289e+02,1.448172084834810448e+03,1.943255664667570272e+03,1.831079144722946523e+02,1.904373176541406920e+01,1.694848494387973403e+02,1.967309795057919644e+02
1.198000000000000000e+03,2.988283703048332907e+00,2.567386110060324356e+00,1.151686318969969314e+00,4.824881087126696499e+00,1.689508529731309409e+03,3.490531670210913830e+02,1.439810936158155073e+03,1.939206123304463745e+03,1.825229488954843191e+02,1.945509761577176988e+01,1.686056104600605750e+02,1.964402873309080633e+02
1.208000000000000000e+03,2.976870875507591219e+00,2.576170403572423773e+00,1.133989586401432881e+00,4.819752164613749557e+00,1.692791395319174626e+03,3.619259583074529587e+02,1.433885161600435367e+03,1.951697629037913885e+03,1.827683647301653309e+02,2.122008915459409550e+01,1.675884274084971537e+02,1.979483020518335081e+02
1.218000000000000000e+03,2.967748738762018501e+00,2.585487108432320991e+00,1.118202680493610712e+00,4.817294797030426068e+00,1.682812278226380386e+03,3.477709411963513162e+02,1.434031933751944507e+03,1.931592622700816264e+03,1.819584178922469846e+02,1.914587828492965471e+01,1.682622816405951767e+02,1.956545541438987925e+02
1.228000000000000000e+03,2.958615208034202748e+00,2.593795586873326009e+00,1.103125622335064060e+00,4.814104793733341658e+00,1.679223681539649988e+03,3.529550094461815206e+02,1.426734878041768752e+03,1.931712485037531223e+03,1.816622778024951401e+02,2.012107121904039175e+01,1.672685305507910698e+02,1.960560250541992104e+02
1.238000000000000000e+03,2.947757492798857015e+00,2.604972100410721136e+00,1.084272710956270425e+00,4.811242274641443828e+00,1.688868321619482685e+03,3.498352481217521586e+02,1.438611260929955733e+03,1.939125382309009638e+03,1.826705638376162426e+02,1.877194864083344328e+01,1.692419207392090357e+02,1.960992069360234495e+02
1.248000000000000000e+03,2.939891385724916706e+00,2.616067321164112336e+00,1.068469561093323250e+00,4.811313210356510162e+00,1.674645019287604782e+03,3.547406155913189423e+02,1.420878870102488008e+03,1.928411168472721556e+03,1.813963679691746052e+02,2.022436148308274539e+01,1.669287313137701574e+02,1.958640046245790529e+02
1.258000000000000000e+03,2.929258820232258920e+00,2.624409159430370231e+00,1.051869603988558444e+00,4.806648036475959174e+00,1.679967353348933102e+03,3.588678929490928340e+02,1.423248727803151269e+03,1.936685978894714935e+03,1.817567876251628718e+02,2.000195908423790669e+01,1.674482480616725013e+02,1.960653271886532423e+02
1.268000000000000000e+03,2.923587936253977393e+00,2.638067909399837596e+00,1.036427838892939102e+00,4.810748033615015906e+00,1.660316578458776348e+03,3.671046373108173384e+02,1.397705740951268808e+03,1.922927415966283888e+03,1.796733430509506491e+02,2.121139300358556667e+01,1.644996265809616318e+02,1.948470595209396663e+02
1.278000000000000000e+03,2.919088326901434716e+00,2.648091132104597012e+00,1.024758047958646223e+00,4.813418605844223208e+00,1.673087125073534935e+03,3.628256152488047519e+02,1.413537315548811648e+03,1.932636934598258222e+03,1.815004457792759069e+02,2.113947030870901855e+01,1.663781797057615677e+02,1.966227118527902462e+02
1.288000000000000000e+03,2.910363625351715111e+00,2.656353412347367549e+00,1.010122867178344874e+00,4.810604383525085126e+00,1.661466741554922237e+03,3.652261083255822882e+02,1.400199722730034864e+03,1.922733760379809610e+03,1.801638115850441864e+02,2.149557930765215730e+01,1.647868004798640129e+02,1.955408226902243598e+02
1.298000000000000000e+03,2.903494179495118122e+00,2.667454703757097256e+00,9.953120358468061646e-01,4.811676323143430523e+00,1.674120428019727797e+03,3.556855587510141277e+02,1.419678307219590351e+03,1.928562548819865242e+03,1.816423845309271314e+02,1.927649117535877821e+01,1.678528134461004129e+02,1.954319556157538500e+02
1.308000000000000000e+03,2.896804745881783383e+00,2.678666501927296828e+00,9.806021649842726617e-01,4.813007326779294104e+00,1.688409460509446262e+03,3.484784344606874242e+02,1.439123005842452585e+03,1.937695915176439939e+03,1.831425086815031023e+02,1.692282460625379059e+01,1.710366492311953266e+02,1.952483681318108779e+02
1.318000000000000000e+03,2.890532535883199472e+00,2.689156319958982966e+00,9.668259912145360513e-01,4.814239080551862671e+00,1.676016808863332017e+03,3.573609023328000376e+02,1.420376219462120844e+03,1.931657398264543190e+03,1.816598991267055965e+02,1.807258055255633167e+01,1.687315538200502658e+02,1.945882444333609271e+02
1.328000000000000000e+03,2.883775626015415039e+00,2.701089458587712766e+00,9.515326282190004203e-01,4.816018623811829436e+00,1.686067591454629564e+03,3.547403930721282563e+02,1.432301601450152702e+03,1.939833581459106426e+03,1.828295449072862198e+02,1.726769012325768671e+01,1.704769835277648156e+02,1.951821062868076240e+02
1.338000000000000000e+03,2.877444127558809406e+00,2.713326706380870146e+00,9.364471300437069434e-01,4.818441125073912090e+00,1.670410509867278279e+03,3.505957063777882468e+02,1.419609450112607192e+03,1.921211569621949366e+03,1.812273546356669272e+02,1.666770198682202775e+01,1.693039989130343770e+02,1.931507103582994773e+02
1.348000000000000000e+03,2.870055004010270139e+00,2.726815964255162150e+00,9.194083727186177502e-01,4.820701635301922749e+00,1.671576053143068521e+03,3.630977206396845531e+02,1.411831591147832341e+03,1.931320515138304700e+03,1.813745088575975046e+02,1.852903590657549415e+01,1.681196350611855337e+02,1.946293826540094756e+02
1.358000000000000000e+03,2.867903204647029192e+00,2.740982889545600099e+00,9.071221655127477135e-01,4.828684243781310670e+00,1.669467179306905336e+03,3.520595582796456142e+02,1.417618942984948717e+03,1.921315415628861956e+03,1.815364035044121920e+02,1.737041060484395771e+01,1.691103603190052809e+02,1.939624466898191031e+02
1.368000000000000000e+03,2.863730671486100832e+00,2.748268197883116049e+00,8.977380367205836098e-01,4.829723306251618276e+00,1.668125364485155387e+03,3.486612889264558817e+02,1.418708103613290177e+03,1.917542625357020597e+03,1.812782140707622034e+02,1.605463591803998469e+01,1.697934193942380716e+02,1.927630087472863352e+02
1.378000000000000000e+03,2.860315337477333575e+00,2.756023438326649977e+00,8.887749379032114927e-01,4.831855737051455435e+00,1.671879120857525095e+03,3.582859298030825812e+02,1.415576806667251503e+03,1.928181435047798686e+03,1.814682387682214824e+02,1.675350524573133271e+01,1.694835030917749350e+02,1.934529744446680297e+02
1.388000000000000000e+03,2.856552700774373843e+00,2.768823826769713392e+00,8.758554549286308166e-01,4.837249946620117314e+00,1.649928208338216336e+03,3.669944291690125624e+02,1.387396208986041074e+03,1.912460207690391599e+03,1.792543382523461730e+02,1.930769287168173420e+01,1.654424468185773947e+02,1.930662296861149514e+02
1.398000000000000000e+03,2.855763673741106068e+00,2.782337752764405980e+00,8.653991476085278745e-01,4.846128199873684039e+00,1.665170099355099183e+03,3.637951177045392228e+02,1.404926749553328136e+03,1.925413449156870229e+03,1.806963441180249390e+02,1.701137638990836010e+01,1.685271385377454578e+02,1.928655496983044202e+02
1.408000000000000000e+03,2.853569947353035374e+00,2.797790833349749207e+00,8.521509533054900665e-01,4.854988941400581126e+00,1.664953708105693977e+03,3.628685604075682818e+02,1.405373177465071876e+03,1.924534238746316078e+03,1.808530541433146084e+02,1.645570664252124615e+01,1.690813507542574143e+02,1.926247575323718024e+02
1.418000000000000000e+03,2.854770377365881462e+00,2.814207812590206359e+00,8.416073838437951871e-01,4.867933370887968181e+00,1.669790880894493284e+03,3.641396632224821701e+02,1.409301058077046719e+03,1.930280703711939850e+03,1.813780487270152548e+02,1.538722735356360793e+01,1.703706893761812182e+02,1.923854080778492914e+02
1.428000000000000000e+03,2.851998945390325169e+00,2.829029811461839738e+00,8.282329326153949900e-01,4.875764958165255791e+00,1.680434978325464499e+03,3.687521494877366877e+02,1.416645581604556810e+03,1.944224375046372188e+03,1.827104614686014656e+02,1.623808392309617687e+01,1.710944359947771716e+02,1.943264869424257597e+02
1.438000000000000000e+03,2.849637152671712581e+00,2.844249801372218389e+00,8.149834150058641313e-01,4.884290890337561031e+00,1.679950330533118176e+03,3.694114437665145374e+02,1.415689303096831736e+03,1.944211357969404617e+03,1.825560520779211515e+02,1.524485860435595441e+01,1.716505371950246399e+02,1.934615669608176631e+02
1.448000000000000000e+03,2.851603315565177876e+00,2.863407016339390321e+00,8.032453318737453607e-01,4.899961299256609948e+00,1.672781648486813083e+03,3.713753892912940273e+02,1.407115699056460926e+03,1.938447597917165240e+03,1.818458595179898509e+02,1.467544258612003993e+01,1.713476803160984048e+02,1.923440387198812971e+02
1.458000000000000000e+03,2.854024292535508156e+00,2.881672562946687055e+00,7.925999239375474126e-01,4.915448661133469344e+00,1.659972603760938682e+03,3.706394792685866832e+02,1.394833092647490048e+03,1.925112114874387316e+03,1.806838228683561169e+02,1.448488087579738881e+01,1.703219633019540993e+02,1.910456824347581346e+02
1.468000000000000000e+03,2.854167253656192837e+00,2.894701073415603787e+00,7.834228501200168893e-01,4.924911657192368786e+00,1.669592210265893982e+03,3.666614089137780752e+02,1.407298439253122751e+03,1.931885981278665213e+03,1.820760643543900130e+02,1.402436591074130590e+01,1.720436373485353840e+02,1.921084913602446420e+02
1.478000000000000000e+03,2.853359773186670889e+00,2.907395101219961031e+00,7.735346091962940207e-01,4.933184937177047757e+00,1.663883347698454145e+03,3.633466550461836277e+02,1.403960808756399729e+03,1.923805886640508561e+03,1.817407836861833914e+02,1.382337503239862109e+01,1.718521368931846780e+02,1.916294304791821048e+02
1.488000000000000000e+03,2.852598085478148970e+00,2.917861852497821928e+00,7.652854586782664725e-01,4.939910712278031468e+00,1.677508956658304214e+03,3.613030273759137572e+02,1.419048340883372930e+03,1.935969572433235498e+03,1.834360744759448778e+02,1.300651752680441042e+01,1.741317723407521783e+02,1.927403766111375774e+02
1.498000000000000000e+03,2.852166344949719878e+00,2.924538434499007966e+00,7.600775791071301413e-01,4.944255110792309615e+00,1.671569634349725675e+03,3.592131099834089696e+02,1.414604055414393315e+03,1.928535213285058035e+03,1.828863754682463707e+02,1.246715506114616367e+01,1.739679099976738996e+02,1.918048409388188418e+02
1.508000000000000000e+03,2.852751624612269499e+00,2.929323750022491790e+00,7.572396502627936066e-01,4.948263598961744947e+00,1.676874293337089057e+03,3.692251226655649816e+02,1.412746551987091607e+03,1.941002034687086507e+03,1.832296557490248574e+02,1.374215706219358779e+01,1.733991087918997493e+02,1.930602027061499655e+02
1.518000000000000000e+03,2.855346563721937514e+00,2.938361172973670055e+00,7.533696064523218716e-01,4.957323520991552712e+00,1.658427398599493245e+03,3.619530799117333686e+02,1.399501763253831541e+03,1.917353033945154948e+03,1.814979961498702323e+02,1.344991680010134338e+01,1.718765052824302018e+02,1.911194870173102629e+02
1.528000000000000000e+03,2.861320993997455098e+00,2.944717737712093442e+00,7.547968242440736830e-01,4.967845163750836512e+00,1.635954782792645801e+03,3.678036541392891650e+02,1.372843898769513999e+03,1.899065666815777604e+03,1.792461450293123164e+02,1.581170009257660425e+01,1.679351361732367138e+02,1.905571538853879190e+02
1.538000000000000000e+03,2.868079190424478231e+00,2.950994553123460040e+00,7.570648574191864988e-01,4.979093523429769519e+00,1.641598076102303139e+03,3.729465323754831729e+02,1.374808198616436584e+03,1.908387953588169694e+03,1.798480175823977163e+02,1.615449560954171204e+01,1.682917875859315586e+02,1.914042475788638740e+02
1.548000000000000000e+03,2.872485234832023782e+00,2.957514652145584844e+00,7.568067039637602633e-01,4.988163765700287300e+00,1.630938037316484269e+03,3.720151902057213533e+02,1.364814401883561914e+03,1.897061672749406625e+03,1.789372732326173718e+02,1.718097953589157711e+01,1.666467408705875073e+02,1.912278055946472364e+02
1.558000000000000000e+03,2.874484416530275865e+00,2.959235196759134379e+00,7.575750821907103472e-01,4.991393750869841384e+00,1.640920310372997164e+03,3.735063184460863113e+02,1.373729986055668633e+03,1.908110634690325696e+03,1.799297143441619937e+02,1.643866503462287909e+01,1.681702017870034354e+02,1.916892269013205521e+02
1.568000000000000000e+03,2.876598080744134034e+00,2.962751124746453524e+00,7.571736030380078475e-01,4.996022558450260220e+00,1.659446361720728646e+03,3.740452599459576959e+02,1.391870501879562653e+03,1.927022221561894639e+03,1.819666426927075520e+02,1.577852522482157305e+01,1.706793657073845907e+02,1.932539196780305133e+02
1.578000000000000000e+03,2.877789126604521908e+00,2.967938490773895932e+00,7.546538307869607998e-01,5.000924422422082571e+00,1.640249771510180608e+03,3.828969637714726559e+02,1.366341784207985711e+03,1.914157758812375505e+03,1.799123901991787591e+02,1.817934919571574071e+01,1.669076672063001752e+02,1.929171131920573430e+02
1.588000000000000000e+03,2.878564673624311343e+00,2.979647943647585784e+00,7.470529398286300804e-01,5.010076407419992606e+00,1.645815926931016747e+03,3.810255966426110490e+02,1.373246635028025594e+03,1.918385218834007901e+03,1.805152133391416385e+02,1.711479910868558818e+01,1.682720236027524834e+02,1.927584030755307936e+02
1.598000000000000000e+03,2.877099840610647608e+00,2.985283694569559554e+00,7.415565334727038938e-01,5.012643147748590877e+00,1.646858047033620096e+03,3.874984703552134988e+02,1.369658340218960120e+03,1.924057753848280072e+03,1.807897625125772834e+02,1.846347347559940744e+01,1.675817892539351135e+02,1.939977357712194532e+02
1.608000000000000000e+03,2.877802244350289307e+00,2.995044257782724983e+00,7.352766509118211502e-01,5.020327837788757463e+00,1.634060437006345182e+03,3.956297969777008348e+02,1.351043929537732765e+03,1.917076944474957600e+03,1.792058149703734387e+02,1.949202436736961275e+01,1.652620607281797618e+02,1.931495692125671155e+02
1.618000000000000000e+03,2.880081203117640154e+00,3.003925136151819331e+00,7.312026120069154977e-01,5.028959794228365254e+00,1.639547897198587407e+03,3.969692574320990843e+02,1.355573197443670779e+03,1.923522596953504035e+03,1.800174411598772224e+02,1.959320126547327234e+01,1.660013093249022518e+02,1.940335729948521930e+02
1.628000000000000000e+03,2.884964655727623839e+00,3.009390387715469295e+00,7.321764591680741674e-01,5.037752852287173511e+00,1.639544435535100320e+03,3.870299215915695186e+02,1.362679908314288468e+03,1.916408962755912171e+03,1.801451484110179422e+02,1.799394922543996955e+01,1.672730525672395174e+02,1.930172442547963669e+02
1.638000000000000000e+03,2.885923706599050398e+00,3.015924720942788184e+00,7.284611296395429036e-01,5.043386283558557892e+00,1.623839654616210510e+03,3.949183719353847550e+02,1.341332069964686525e+03,1.906347239267734494e+03,1.787754727822587029e+02,2.091745027283930725e+01,1.638120302746635844e+02,1.937389152898538214e+02
1.648000000000000000e+03,2.888868287885954178e+00,3.024041811813090508e+00,7.255990939161311992e-01,5.052137481855776713e+00,1.615776354918879861e+03,4.059585343197526299e+02,1.325371113862860511e+03,1.906181595974899210e+03,1.777917201410835162e+02,2.246715618059299757e+01,1.617196848101812918e+02,1.938637554719857405e+02
1.658000000000000000e+03,2.893118024950960709e+00,3.030936320842319009e+00,7.249167963339266940e-01,5.061319253567994281e+00,1.610254642946566037e+03,4.038579846875130102e+02,1.321352044576265371e+03,1.899157241316866703e+03,1.774069402818577714e+02,2.291059544892474520e+01,1.610176876079838735e+02,1.937961929557316694e+02
1.668000000000000000e+03,2.892759245706171711e+00,3.030923634522461718e+00,7.245670923356586357e-01,5.060951399076684787e+00,1.618974040852013331e+03,4.069779459297220683e+02,1.327839556660794187e+03,1.910108525043232476e+03,1.784726643766985603e+02,2.375561618932489338e+01,1.614789202805062587e+02,1.954664084728908620e+02
1.678000000000000000e+03,2.892154794392908457e+00,3.031349361336419079e+00,7.236580944059820553e-01,5.060651494379834858e+00,1.601113855237356574e+03,4.166919137899446355e+02,1.303030417053125802e+03,1.899197293421587347e+03,1.764938940353227110e+02,2.571189349960644677e+01,1.581007134552621949e+02,1.948870746153832272e+02
1.688000000000000000e+03,2.895553209288578067e+00,3.033728605113692467e+00,7.253545008346344858e-01,5.065751917742521648e+00,1.614803271662313819e+03,4.040251096441727441e+02,1.325781119300109594e+03,1.903825424024518043e+03,1.777480940463350123e+02,2.207150587438719214e+01,1.619590898943193622e+02,1.935370981983506624e+02
1.698000000000000000e+03,2.903009764091030842e+00,3.041649008657663078e+00,7.271451402639765860e-01,5.078874387918085098e+00,1.607155367978625918e+03,4.201885574152755680e+02,1.306570581629359594e+03,1.907740154327892242e+03,1.767799948564874057e+02,2.420850928521519663e+01,1.594622705564917453e+02,1.940977191564830662e+02
1.708000000000000000e+03,2.908928938786301099e+00,3.054724511361990302e+00,7.237106638009045412e-01,5.094147213771697658e+00,1.600521272779338005e+03,4.265827654038043306e+02,1.295362345587380560e+03,1.905680199971295451e+03,1.758227926785016564e+02,2.443548750633893718e+01,1.583426979405242889e+02,1.933028874164790238e+02
1.718000000000000000e+03,2.919164652118350300e+00,3.070025516548536615e+00,7.230006974047418211e-01,5.115328606831958780e+00,1.571620985810875936e+03,4.476582176212367585e+02,1.251385588329104849e+03,1.891856383292647024e+03,1.727414831640955413e+02,2.837794765437721267e+01,1.524411223327762173e+02,1.930418439954148653e+02
1.728000000000000000e+03,2.926370656257351488e+00,3.084131164309081630e+00,7.201161290053028630e-01,5.132625183509400557e+00,1.575729687124148313e+03,4.490149093600243759e+02,1.254523770837786742e+03,1.896935603410509884e+03,1.732755293471467155e+02,2.802893496167737197e+01,1.532248371558153224e+02,1.933262215384781086e+02
1.738000000000000000e+03,2.931456853690066033e+00,3.099801588563217525e+00,7.139923802286145538e-01,5.148921327151517957e+00,1.588713060913176832e+03,4.434734658904530988e+02,1.271471254481718688e+03,1.905954867344634977e+03,1.748578996474568896e+02,2.628560951900675491e+01,1.560543073508627288e+02,1.936614919440510505e+02
1.748000000000000000e+03,2.936430411819127784e+00,3.115110079792783093e+00,7.080149034368923289e-01,5.164845920201363683e+00,1.583745925836897641e+03,4.494251836634335291e+02,1.262246516994257490e+03,1.905245334679537791e+03,1.742471250426293068e+02,2.671636676700429902e+01,1.551353875738909949e+02,1.933588625113676187e+02
1.758000000000000000e+03,2.943458142837994895e+00,3.131412553065628490e+00,7.033805476159220582e-01,5.183535738060067288e+00,1.573259740727403141e+03,4.580035583719305805e+02,1.245623732295190621e+03,1.900895749159615661e+03,1.733437412874982613e+02,2.832417200226914389e+01,1.530818492402865445e+02,1.936056333347099780e+02
1.768000000000000000e+03,2.949991777651435054e+00,3.149994093051038835e+00,6.966217494775648333e-01,5.203361805825305275e+00,1.570297352520751929e+03,4.624637853431181043e+02,1.239470689922584370e+03,1.901124015118919488e+03,1.733146667583787348e+02,2.896770386539580500e+01,1.525924197486788216e+02,1.940369137680786480e+02
1.778000000000000000e+03,2.953673902198501899e+00,3.167273774220717097e+00,6.879427347672439907e-01,5.219405069629759808e+00,1.560801266599413566e+03,4.597698332072982339e+02,1.231901741265910459e+03,1.889700791932916673e+03,1.726647371953622496e+02,2.874859819811880612e+01,1.520992289378822875e+02,1.932302454528422118e+02
1.788000000000000000e+03,2.955914439043845654e+00,3.185634133092928533e+00,6.770490620975837537e-01,5.234779815990107110e+00,1.567901121034223706e+03,4.642717688258953217e+02,1.235781104965803479e+03,1.900021137102643934e+03,1.735153199829241828e+02,2.870254213014752764e+01,1.529827582517285123e+02,1.940478817141198533e+02
1.798000000000000000e+03,2.957079217034763285e+00,3.208627816553272893e+00,6.617651498318566361e-01,5.252393284237669491e+00,1.580437436801428930e+03,4.665365326639426371e+02,1.246697306281109832e+03,1.914177567321748029e+03,1.745562971137316026e+02,2.742125366633513650e+01,1.549403139336414768e+02,1.941722802938217285e+02
1.808000000000000000e+03,2.960496767367287951e+00,3.234347487568304924e+00,6.467839558849495241e-01,5.274209578849626823e+00,1.559815512312839701e+03,4.828310051174216824e+02,1.214419018394070463e+03,1.905212006231608939e+03,1.725196776178208324e+02,3.013586868347165293e+01,1.509617758382195234e+02,1.940775793974221415e+02
1.818000000000000000e+03,2.962693350330362296e+00,3.258834749602851133e+00,6.314634068437410264e-01,5.293923293816983566e+00,1.583180959461427392e+03,4.897821444151054493e+02,1.232811920041821622e+03,1.933549998881033162e+03,1.744188836481744431e+02,2.901158455308331341e+01,1.536652462854993360e+02,1.951725210108495503e+02
1.828000000000000000e+03,2.964948245456625386e+00,3.284831787446067519e+00,6.151211414145492107e-01,5.314775349498701118e+00,1.573198032012493059e+03,4.968946904201492316e+02,1.217740983689273889e+03,1.928655080335712228e+03,1.731477227679055204e+02,2.958804151198726728e+01,1.519817129386940451e+02,1.943137325971169957e+02
1.838000000000000000e+03,2.970374182243212147e+00,3.312394494907600073e+00,6.008299050717780254e-01,5.339918459414645824e+00,1.551599205739586978e+03,4.823071313400639042e+02,1.206577468545297961e+03,1.896620942933875995e+03,1.715305095658307835e+02,2.737956841850705203e+01,1.519443462156508247e+02,1.911166729160107423e+02
1.848000000000000000e+03,2.975453725170800645e+00,3.337059039519386872e+00,5.882654956791499856e-01,5.362641954662451305e+00,1.559226433123864354e+03,4.802001576365433948e+02,1.215711934119049147e+03,1.902740932128679560e+03,1.725122906470043915e+02,2.553635425688580796e+01,1.542446832764897522e+02,1.907798980175190309e+02
1.858000000000000000e+03,2.981679769647306077e+00,3.363835209516546243e+00,5.753370220332270080e-01,5.388022517261385147e+00,1.546153928889961662e+03,4.904577274758834164e+02,1.195301606462283871e+03,1.897006251317639453e+03,1.714967670213899851e+02,2.714654564091230071e+01,1.520772981244066671e+02,1.909162359183733031e+02
1.868000000000000000e+03,2.988197200953054633e+00,3.390756301521694382e+00,5.625962642573085759e-01,5.413798137648800690e+00,1.541499929632180510e+03,5.056154948396555255e+02,1.179804393642005834e+03,1.903195465622355186e+03,1.710189069078582520e+02,2.899166672535861622e+01,1.502795179007975719e+02,1.917582959149189321e+02
1.878000000000000000e+03,2.992307683648094851e+00,3.418829766279632310e+00,5.466242000637415721e-01,5.437991167232448575e+00,1.556845932678831559e+03,5.072253053328333863e+02,1.193998807635087132e+03,1.919693057722575986e+03,1.730145857279076154e+02,2.773267366601235295e+01,1.531758261003966481e+02,1.928533453554185826e+02
1.888000000000000000e+03,2.995924971808643367e+00,3.442918447700688223e+00,5.330094836144461112e-01,5.458840460002840622e+00,1.549496599918882566e+03,5.124614592037294187e+02,1.182903756042962414e+03,1.916089443794802719e+03,1.725974700807134354e+02,2.802236797324554374e+01,1.525514756299080545e+02,1.926434645315188163e+02
1.898000000000000000e+03,3.003407722665335289e+00,3.470191142166680009e+00,5.209825241409564711e-01,5.485832921189714106e+00,1.534278323160366654e+03,5.236314293368130848e+02,1.159694964010461035e+03,1.908861682310272272e+03,1.708571743537000032e+02,2.961353186829781947e+01,1.496729298220665783e+02,1.920414188853334281e+02
1.908000000000000000e+03,3.012304519390213375e+00,3.499460119980807971e+00,5.089415554563254673e-01,5.515667483324101283e+00,1.522949127812416918e+03,5.263465811918242707e+02,1.146423466032319084e+03,1.899474789592514753e+03,1.696168016758092847e+02,2.966679505449099707e+01,1.483944549560995370e+02,1.908391483955190324e+02
1.918000000000000000e+03,3.028018031079015238e+00,3.534445805286199338e+00,4.996278155524325193e-01,5.556408246605597512e+00,1.506383138636697367e+03,5.205352566531076945e+02,1.134014647998102191e+03,1.878751629275292544e+03,1.678328377454150200e+02,2.819840953497057967e+01,1.476609107476949703e+02,1.880047647431350697e+02
1.928000000000000000e+03,3.044357036684516959e+00,3.567882743697551540e+00,4.920474763514621763e-01,5.596666597017572187e+00,1.525062676293237246e+03,5.281485510120189701e+02,1.147247962957945219e+03,1.902877389628529272e+03,1.702873845017696226e+02,2.725740534414631355e+01,1.507886113504860077e+02,1.897861576530532375e+02
1.938000000000000000e+03,3.058216594363525331e+00,3.600215496673992988e+00,4.827775759003150036e-01,5.633655612826736103e+00,1.521862734038048075e+03,5.337337641592025648e+02,1.140052599906701062e+03,1.903672868169395088e+03,1.700754056336200790e+02,2.723617823581074759e+01,1.505918174408777190e+02,1.895589938263624390e+02
1.948000000000000000e+03,3.074467518901343066e+00,3.634121391705793958e+00,4.747736842746306252e-01,5.674161353528055507e+00,1.541278842073614669e+03,5.386650068375403180e+02,1.155941109437390651e+03,1.926616574709838687e+03,1.719463821707046804e+02,2.615456807227655389e+01,1.532365312779949988e+02,1.906562330634143621e+02
1.958000000000000000e+03,3.088193396585920958e+00,3.669036145294692464e+00,4.635230518597572846e-01,5.712863741312084187e+00,1.533546027660652499e+03,5.419955004351643311e+02,1.145825803429137295e+03,1.921266251892167702e+03,1.716417387785513142e+02,2.579998850926009979e+01,1.531855388249551027e+02,1.900979387321475258e+02
1.968000000000000000e+03,3.098148036836012587e+00,3.699818675022695125e+00,4.514571968862322038e-01,5.744838876785792969e+00,1.515440629836562039e+03,5.483014443622085992e+02,1.123209405068286060e+03,1.907671854604838018e+03,1.700337099154370151e+02,2.696377789664675007e+01,1.507449851864994343e+02,1.893224346443745958e+02
1.978000000000000000e+03,3.106004720590269663e+00,3.727391868925916452e+00,4.395892059626502757e-01,5.772420235217889051e+00,1.532504200479326528e+03,5.553387276134566264e+02,1.135238806538126028e+03,1.929769594420527028e+03,1.720324721408518940e+02,2.612188739243884328e+01,1.533459995981553448e+02,1.907189446835484432e+02
1.988000000000000000e+03,3.113748267243595880e+00,3.755718173769050594e+00,4.270693348263230327e-01,5.800427199660868283e+00,1.521561093950243276e+03,5.682965582423411206e+02,1.115026226382506366e+03,1.928095961517980186e+03,1.711990905297419658e+02,2.802584092168608620e+01,1.511506116812856249e+02,1.912475693781983068e+02
1.998000000000000000e+03,3.120580926770116115e+00,3.784514341034596274e+00,4.133024572344692338e-01,5.827859396305763440e+00,1.516782992231690287e+03,5.853358528196141606e+02,1.098058947615541001e+03,1.935507036847839572e+03,1.701723938397569782e+02,3.103043607262243953e+01,1.479745571004866918e+02,1.923702305790272646e+02
