DeltaOmega,ConfortViolation,Omega,ReturnsStd,ITERATIONS,OmegaBefore,Theta,TimestepsMean,RewardMean,Wins,Traj,NormDeltaOmega,TimestepsStd,ReturnsMean,RewardStd,NormDeltaVar
0.00111765,0,0.80111765,54.87039274508613,0,0.8,0.20112235,500.0,2.3324,0.0,20,0.001117648313398556,0.0,1166.2,2.3974799769758244,0.09999999834547779
-0.0003632,0,0.80075445,71.87732604931823,0,0.80111765,0.20138341,500.0,2.341,0.0,20,0.0003632021319545098,0.0,1170.5,2.4086757772684972,0.023200001774910106
0.00049157,0,0.80124602,61.930525591181606,0,0.80075445,0.20107681,500.0,2.3742,0.0,20,0.000491571601801688,0.0,1187.1,2.450382492591718,0.027249769059082496
0.00054184,0,0.80178786,47.493578513310624,0,0.80124602,0.20094984,500.0,2.3492,0.0,20,0.0005418397769527683,0.0,1174.6,2.4282626217112515,0.011293819229592827
0.00073158,0,0.80251943,70.52793772683276,0,0.80178786,0.20059262,500.0,2.3698,0.0,20,0.0007315768973463754,0.0,1184.9,2.4561042241729076,0.03180236382581825
0.00085078,0,0.80337021,66.42710290235455,0,0.80251943,0.1999563,500.0,2.3936,0.0,20,0.0008507784931885976,0.0,1196.8,2.4790883485668678,0.05675575193762228
0.00085779,0,0.804228,53.40589855062828,0,0.80337021,0.19932172,500.0,2.3338,0.0,20,0.0008577874668994623,0.0,1166.9,2.4212760189619025,0.05673654317730481
0.00064062,0,0.80486862,52.757558700152146,0,0.804228,0.19869285,500.0,2.3424,0.0,20,0.0006406197972419481,0.0,1171.2,2.4072312394117854,0.05635893237869283
0.0007561,0,0.80562472,53.210055440677756,0,0.80486862,0.19828523,500.0,2.3526,0.0,20,0.0007561006419208871,0.0,1176.3,2.439851069225333,0.03660263753571513
0.00072943,0,0.80635415,49.43794089563197,0,0.80562472,0.19791369,500.0,2.3126,0.0,20,0.0007294326158445719,0.0,1156.3,2.4003918930041404,0.033411731738368644
0.0008229,0,0.80717706,47.41255108091105,0,0.80635415,0.1974775,500.0,2.371,0.0,20,0.0008229018047417602,0.0,1185.5,2.4551087552285744,0.039286877754236116
0.00080947,0,0.80798653,64.93773941245568,0,0.80717706,0.19712022,500.0,2.3694,0.0,20,0.0008094745125977187,0.0,1184.7,2.441954880828063,0.032228065790587124
0.00054884,0,0.80853537,62.703349192846154,0,0.80798653,0.19665019,500.0,2.3234,0.0,20,0.000548838378477079,0.0,1161.7,2.406452251759839,0.04246551577440627
0.00050175,0,0.80903712,49.30679466361608,0,0.80853537,0.19607936,500.0,2.3516,0.0,20,0.0005017541433971484,0.0,1175.8,2.4176801773601073,0.051675704552316404
0.00046522,0,0.80950235,49.28884255082483,0,0.80903712,0.19545967,500.0,2.3322,0.0,20,0.00046522483749866783,0.0,1166.1,2.411232705484893,0.05622777041074656
0.00044756,0,0.80994991,56.30488433519778,0,0.80950235,0.194926,500.0,2.3608,0.0,20,0.0004475618616422983,0.0,1180.4,2.436600779774972,0.048530523997960984
0.00050393,0,0.81045384,65.42927479347452,0,0.80994991,0.19435766,500.0,2.3622,0.0,20,0.0005039321688848908,0.0,1181.1,2.438444413965592,0.051794963360002555
0.00024062,0,0.81069446,56.19777575669699,0,0.81045384,0.19377029,500.0,2.3462,0.0,20,0.00024062114415102087,0.0,1173.1,2.415728784445804,0.05365003167514715
0.00034652,0,0.81104098,54.15939438361548,0,0.81069446,0.19308922,500.0,2.3668,0.0,20,0.00034651979161848256,0.0,1183.4,2.432582528918598,0.06236291326361254
0.00025904,0,0.81130002,44.74326765000518,0,0.81104098,0.1924678,500.0,2.3444,0.0,20,0.00025904140821952915,0.0,1172.2,2.425322378571558,0.05704797199884126
0.0002455,0,0.81154552,43.42303536143,0,0.81130002,0.19174738,500.0,2.3324,0.0,20,0.0002454980978199295,0.0,1166.2,2.4091305983694613,0.06631118387511492
0.00032579,0,0.81187131,51.10029354123125,0,0.81154552,0.19114696,500.0,2.3468,0.0,20,0.0003257917682067957,0.0,1173.4,2.4140691290847496,0.05541146878763925
0.00048017,0,0.81235148,65.37767202952396,0,0.81187131,0.19052965,500.0,2.3728,0.0,20,0.0004801671479998104,0.0,1186.4,2.445285292148955,0.05710880736064894
0.0005882,0,0.81293968,63.25535550449463,0,0.81235148,0.1899142,500.0,2.4172,0.0,20,0.0005882013201506942,0.0,1208.6,2.4918154345777697,0.057077869548376015
0.00062476,0,0.81356444,80.86804065884124,0,0.81293968,0.18936453,500.0,2.3428,0.0,20,0.0006247573727439226,0.0,1171.4,2.4143090440123856,0.05109738128673058
0.00046393,0,0.81402836,60.6946455628501,0,0.81356444,0.18885961,500.0,2.3888,0.0,20,0.00046392541253670316,0.0,1194.4,2.4788776815325115,0.04703775855276504
0.00033476,0,0.81436312,46.82349837421377,0,0.81402836,0.18831948,500.0,2.3492,0.0,20,0.0003347595840338391,0.0,1174.6,2.4123970154184824,0.05042474226073779
0.00028408,0,0.81464721,48.5258693894298,0,0.81436312,0.18790339,500.0,2.3716,0.0,20,0.0002840846675046249,0.0,1185.8,2.456402540301569,0.03891991121402327
0.00014259,0,0.8147898,52.707779311976324,0,0.81464721,0.18737914,500.0,2.4234,0.0,20,0.0001425898949521942,0.0,1211.7,2.4902073086391825,0.04913234281353951
0.00015816,0,0.81494796,62.120769473663145,0,0.8147898,0.18685824,500.0,2.3418,0.0,20,0.00015815626139203953,0.0,1170.9,2.4251129375763103,0.04892321754365625
0.00011583,0,0.81506379,62.9281336128762,0,0.81494796,0.18647911,500.0,2.375,0.0,20,0.00011583223390509989,0.0,1187.5,2.4391340676559787,0.035673489032046035
6.65591396e-05,0,0.81513035,53.74718597284885,0,0.81506379,0.18607304,500.0,2.3676,0.0,20,6.655913955355697e-05,0.0,1183.8,2.438702573090864,0.03827144213321887
8.20158007e-05,0,0.81521236,54.163087061208024,0,0.81513035,0.18554659,500.0,2.3172,0.0,20,8.201580065769765e-05,0.0,1158.6,2.3854945315384817,0.04971241135438831
-9.7294627e-05,0,0.81511507,56.19065758647073,0,0.81521236,0.18501171,500.0,2.3698,0.0,20,9.729462696328461e-05,0.0,1184.9,2.4515399160527656,0.050619522619648194
-0.00017277,0,0.8149423,59.85273594414878,0,0.81511507,0.18445632,500.0,2.315,0.0,20,0.00017277252099268114,0.0,1157.5,2.3900575306883303,0.05268151383916475
-4.04587028e-05,0,0.81490184,64.98461356351979,0,0.8149423,0.18411386,500.0,2.366,0.0,20,4.0458702826096093e-05,0.0,1183.0,2.450396702576952,0.032544555167785205
-0.00026963,0,0.8146322,68.74009019487828,0,0.81490184,0.18378822,500.0,2.376,0.0,20,0.00026963205063024187,0.0,1188.0,2.4385700728090636,0.030990176212949194
-0.00024999,0,0.81438222,59.924953066314536,0,0.8146322,0.18338905,500.0,2.39,0.0,20,0.00024998548981036706,0.0,1195.0,2.4743281916512205,0.0380454242184598
-0.00025442,0,0.8141278,60.89162503990183,0,0.81438222,0.18304104,500.0,2.3358,0.0,20,0.0002544150821561786,0.0,1167.9,2.4214950671021405,0.03322226515924598
-8.70428759e-05,0,0.81404076,49.73168004401219,0,0.8141278,0.18274421,500.0,2.3388,0.0,20,8.704287589633708e-05,0.0,1169.4,2.410894970752563,0.028375019307897986
2.07169218e-05,0,0.81406148,51.222944077825126,0,0.81404076,0.18232875,500.0,2.3622,0.0,20,2.0716921753538564e-05,0.0,1181.1,2.438772469911861,0.039775307831082074
0.00011038,0,0.81417185,55.99241019995478,0,0.81406148,0.18177159,500.0,2.403,0.0,20,0.00011037550399883855,0.0,1201.5,2.502716723882269,0.05345136108477533
0.00023908,0,0.81441093,67.95726598385194,0,0.81417185,0.18109171,500.0,2.3962,0.0,20,0.00023907761053232335,0.0,1198.1,2.4795615660838104,0.06539845166741287
0.00036778,0,0.81477871,63.736959450541725,0,0.81441093,0.18034773,500.0,2.392,0.0,20,0.0003677830156095796,0.0,1196.0,2.4796644934345453,0.07178428369985923
0.00041669,0,0.8151954,52.75784301883465,0,0.81477871,0.17967145,500.0,2.3582,0.0,20,0.000416687634707702,0.0,1179.1,2.4491820593822746,0.06545184619979594
0.00047301,0,0.81566841,63.73507668466399,0,0.8151954,0.17905234,500.0,2.3584,0.0,20,0.00047300502158531543,0.0,1179.2,2.426097574294983,0.06008839576835712
0.0005078,0,0.81617621,56.91713274577348,0,0.81566841,0.17865065,500.0,2.3436,0.0,20,0.0005078000446157027,0.0,1171.8,2.4244461305626075,0.03907275133567012
0.00026187,0,0.81643807,45.59210457963089,0,0.81617621,0.17817717,500.0,2.4008,0.0,20,0.00026186835292640875,0.0,1200.4,2.480515946330521,0.046144659109046415
0.00036471,0,0.81680278,42.240265150682944,0,0.81643807,0.17780284,500.0,2.3672,0.0,20,0.0003647072690561304,0.0,1183.6,2.453969062559673,0.0365500882346943
0.0001721,0,0.81697488,60.799588814399065,0,0.81680278,0.17740995,500.0,2.3502,0.0,20,0.00017209744608115418,0.0,1175.1,2.4336310237996224,0.038426549319407144
0.00028732,0,0.8172622,64.04092441556415,0,0.81697488,0.17694053,500.0,2.3068,0.0,20,0.00028732237406603467,0.0,1153.4,2.3995569924467306,0.04599940426709637
0.000248,0,0.8175102,60.689043492215305,0,0.8172622,0.17633566,500.0,2.4036,0.0,20,0.00024800276662451104,0.0,1201.8,2.5113157985406773,0.05941480184867487
0.00032499,0,0.81783519,60.80945650143569,0,0.8175102,0.17579446,500.0,2.3582,0.0,20,0.0003249863015596377,0.0,1179.1,2.4527724639680706,0.0532959724341211
0.00018859,0,0.81802378,47.971970983064686,0,0.81783519,0.1751835,500.0,2.3574,0.0,20,0.00018859358399359039,0.0,1178.7,2.42731646886021,0.06032107403587261
0.00016616,0,0.81818995,72.00354157956399,0,0.81802378,0.17448605,500.0,2.3566,0.0,20,0.00016616079706721631,0.0,1178.3,2.4346737851301556,0.06906311103850982
0.0001165,0,0.81830645,71.50216779930521,0,0.81818995,0.1738688,500.0,2.4216,0.0,20,0.0001165030400520628,0.0,1210.8,2.504686295726473,0.06130281544256988
0.00010547,0,0.81841192,69.10745256482834,0,0.81830645,0.17327552,500.0,2.4008,0.0,20,0.00010547052609344298,0.0,1200.4,2.496269088059218,0.059085696714426206
0.00014019,0,0.81855211,58.82652462962605,0,0.81841192,0.17264956,500.0,2.3736,0.0,20,0.0001401934994418319,0.0,1186.8,2.462117592642561,0.06251290641364093
0.00011007,0,0.81866219,56.193504962762375,0,0.81855211,0.17203346,500.0,2.3846,0.0,20,0.00011007461735257351,0.0,1192.3,2.4569254852355615,0.061703771078924774
0.00013936,0,0.81880154,54.49577965310708,0,0.81866219,0.17131221,500.0,2.3918,0.0,20,0.00013935504582829328,0.0,1195.9,2.4765485579733744,0.07245814007058726
0.00035169,0,0.81915323,59.93955288455195,0,0.81880154,0.17074431,500.0,2.353,0.0,20,0.0003516889561372416,0.0,1176.5,2.4284544467623848,0.05722178481850548
0.00031723,0,0.81947046,50.20069720631378,0,0.81915323,0.17021621,500.0,2.4246,0.0,20,0.0003172256408328078,0.0,1212.3,2.532531310763995,0.053347774468402775
0.00019954,0,0.81967,59.63757204984119,0,0.81947046,0.16958493,500.0,2.3728,0.0,20,0.00019954014658940533,0.0,1186.4,2.4469205463193937,0.06394480890804743
0.00026947,0,0.81993947,41.03401028415331,0,0.81967,0.1689825,500.0,2.3742,0.0,20,0.00026947349116079877,0.0,1187.1,2.4526667853583373,0.061197870406619614
0.00015208,0,0.82009155,68.34910387122864,0,0.81993947,0.16852356,500.0,2.344,0.0,20,0.0001520756565569492,0.0,1172.0,2.4229040426727595,0.04673837952094928
0.00027702,0,0.82036857,63.03102410718074,0,0.82009155,0.16798017,500.0,2.3466,0.0,20,0.0002770239380240902,0.0,1173.3,2.4211295793492753,0.055470772848146055
0.00035759,0,0.82072616,48.57777269492705,0,0.82036857,0.16736295,500.0,2.314,0.0,20,0.0003575913996081148,0.0,1157.0,2.3942856972383226,0.06318186776299228
0.00024651,0,0.82097267,53.94849395488256,0,0.82072616,0.16665136,500.0,2.4188,0.0,20,0.0002465109623104311,0.0,1209.4,2.5027597887132513,0.07307272371803464
0.00039387,0,0.82136654,59.34846249061554,0,0.82097267,0.1659451,500.0,2.3912,0.0,20,0.0003938663520168806,0.0,1195.6,2.475270199392382,0.07277245440216973
0.00061577,0,0.82198231,54.84696892263053,0,0.82136654,0.16521001,500.0,2.3618,0.0,20,0.0006157734384011349,0.0,1180.9,2.4330846183394446,0.0760078167100815
0.00049454,0,0.82247685,63.23060967601056,0,0.82198231,0.16451428,500.0,2.3794,0.0,20,0.0004945415555938082,0.0,1189.7,2.4734703636793385,0.07218724528793885
0.00053026,0,0.82300711,54.74842463486963,0,0.82247685,0.16372884,500.0,2.4098,0.0,20,0.0005302584254940346,0.0,1204.9,2.497291324615532,0.08179118373242389
0.00048215,0,0.82348927,55.870833177965046,0,0.82300711,0.16305089,500.0,2.409,0.0,20,0.0004821531583049099,0.0,1204.5,2.4845762214108063,0.07085268224523844
0.00043977,0,0.82392903,45.59210457963089,0,0.82348927,0.16249469,500.0,2.3768,0.0,20,0.0004397653974087534,0.0,1188.4,2.4603296039352127,0.05830522810498806
0.00038656,0,0.82431559,60.79506558924005,0,0.82392903,0.16195383,500.0,2.3612,0.0,20,0.0003865607610635813,0.0,1180.6,2.462505748216641,0.05685164816852861
0.00036256,0,0.82467815,50.50148512667722,0,0.82431559,0.16139437,500.0,2.376,0.0,20,0.00036255961959141825,0.0,1188.0,2.439881964358112,0.05896802660830858
0.00034508,0,0.82502323,60.756810317856555,0,0.82467815,0.16099101,500.0,2.4318,0.0,20,0.0003450788127690174,0.0,1215.9,2.509093214689323,0.042617298006351945
0.00026036,0,0.82528359,62.594808091406435,0,0.82502323,0.1605746,500.0,2.3806,0.0,20,0.0002603620072068047,0.0,1190.3,2.4782945022736906,0.04408704246484518
7.59641362e-05,0,0.82535956,45.93952546555091,0,0.82528359,0.16017042,500.0,2.3412,0.0,20,7.596413616262065e-05,0.0,1170.6,2.4297289066889745,0.042880150226832114
0.00011444,0,0.825474,77.42092740338364,0,0.82535956,0.15954429,500.0,2.416,0.0,20,0.00011443961509549627,0.0,1208.0,2.493781064969417,0.06660101512462546
2.4564508e-05,0,0.82549856,47.763584455105544,0,0.825474,0.15897809,500.0,2.4104,0.0,20,2.456450796617382e-05,0.0,1205.2,2.4802362468119847,0.060409308880892354
0.00012007,0,0.82561863,69.3999279538531,0,0.82549856,0.15832062,500.0,2.319,0.0,20,0.00012007410450765033,0.0,1159.5,2.3985493532550044,0.0703660047129091
0.00023851,0,0.82585714,52.17432318679372,0,0.82561863,0.15770618,500.0,2.3904,0.0,20,0.0002385070957986457,0.0,1195.2,2.4715152922852814,0.06597562205540441
0.0001221,0,0.82597924,70.71209231807528,0,0.82585714,0.15707716,500.0,2.454,0.0,20,0.0001220990197994265,0.0,1227.0,2.5322488029417642,0.06775765362009523
0.00013915,0,0.82611839,47.118892177129965,0,0.82597924,0.15634942,500.0,2.3662,0.0,20,0.00013914861488062424,0.0,1183.1,2.4587593538205406,0.0786677308848418
7.36112048e-05,0,0.826192,71.08101012225417,0,0.82611839,0.15571737,500.0,2.4266,0.0,20,7.361120484428163e-05,0.0,1213.3,2.493514074554222,0.06856671302631767
7.38475056e-05,0,0.82626585,53.520463376170426,0,0.826192,0.15505546,500.0,2.3908,0.0,20,7.384750559580322e-05,0.0,1195.4,2.460909457903724,0.07204911356664212
0.00016143,0,0.82642728,69.53387663578093,0,0.82626585,0.15443581,500.0,2.3904,0.0,20,0.00016143001923751843,0.0,1195.2,2.4679521551278096,0.06767743016981953
0.00013577,0,0.82656305,76.63523993568494,0,0.82642728,0.15381228,500.0,2.4536,0.0,20,0.00013576952329996672,0.0,1226.8,2.5353199088083542,0.06832538204820082
-1.01192934e-05,0,0.82655293,82.80307965287281,0,0.82656305,0.15311525,500.0,2.371,0.0,20,1.0119293411325891e-05,0.0,1185.5,2.4625919272181496,0.07664851757143865
-3.83896383e-05,0,0.82651454,72.23814781678722,0,0.82655293,0.15246166,500.0,2.425,0.0,20,3.838963830249398e-05,0.0,1212.5,2.4912195808479027,0.07213161189559614
-0.00016456,0,0.82634998,54.861553022130174,0,0.82651454,0.15174481,500.0,2.4202,0.0,20,0.00016456195257796846,0.0,1210.1,2.51058398784028,0.07940491781652881
-2.9247811e-05,0,0.82632073,69.70394536896747,0,0.82634998,0.15090725,500.0,2.3968,0.0,20,2.924781103219587e-05,0.0,1198.4,2.461412147528325,0.09316764857763715
1.75445055e-05,0,0.82633827,67.46814062948526,0,0.82632073,0.1501465,500.0,2.393,0.0,20,1.7544505476640992e-05,0.0,1196.5,2.4573870269047977,0.08499232609256424
5.32840043e-05,0,0.82639156,45.18351469286116,0,0.82633827,0.14946136,500.0,2.413,0.0,20,5.328400432891289e-05,0.0,1206.5,2.495802676495079,0.07684912481688144
-1.75371019e-05,0,0.82637402,57.11698521455767,0,0.82639156,0.14892809,500.0,2.421,0.0,20,1.7537101861586635e-05,0.0,1210.5,2.5082182919355325,0.060016790592776204
-6.82990469e-05,0,0.82630572,44.620510978696785,0,0.82637402,0.14839717,500.0,2.3842,0.0,20,6.829904685978772e-05,0.0,1192.1,2.4620297236223614,0.05992786156089025
-0.00015446,0,0.82615126,49.2766679068299,0,0.82630572,0.14789831,500.0,2.3962,0.0,20,0.00015446002686458904,0.0,1198.1,2.4798841827795104,0.056470371493070104
-0.00018321,0,0.82596805,60.568225993502566,0,0.82615126,0.14732566,500.0,2.3666,0.0,20,0.00018321246680363945,0.0,1183.3,2.4474485571713247,0.06501745959662841
-0.00013515,0,0.8258329,44.845847076401625,0,0.82596805,0.14683559,500.0,2.385,0.0,20,0.0001351470468381466,0.0,1192.5,2.483258947431781,0.05580785765657481
-3.94964513e-05,0,0.8257934,71.21404355883746,0,0.8258329,0.1464303,500.0,2.4112,0.0,20,3.9496451311626934e-05,0.0,1205.6,2.4952183391438916,0.04627050735621907
5.12454821e-05,0,0.82584465,47.277373023466524,0,0.8257934,0.1459943,500.0,2.325,0.0,20,5.124548213741864e-05,0.0,1162.5,2.4095590882981064,0.04989428758482006
0.000322,0,0.82616665,73.28703841744459,0,0.82584465,0.14556665,500.0,2.4438,0.0,20,0.0003220032429440689,0.0,1221.9,2.524488375889262,0.049060077135276714
0.00018271,0,0.82634937,67.88188270812765,0,0.82616665,0.14514663,500.0,2.373,0.0,20,0.0001827132008072052,0.0,1186.5,2.4507286671518735,0.048300208554898916
0.00040573,0,0.8267551,56.23664285854909,0,0.82634937,0.14472264,500.0,2.3784,0.0,20,0.00040572966982876935,0.0,1189.2,2.4594335608021614,0.0488751444665958
0.00042588,0,0.82718098,62.863661999600374,0,0.8267551,0.14425079,500.0,2.4368,0.0,20,0.00042588007093014024,0.0,1218.4,2.520874007164976,0.054531719295376035
0.00035671,0,0.82753769,62.54886090089891,0,0.82718098,0.14393506,500.0,2.3836,0.0,20,0.0003567135854521952,0.0,1191.8,2.4685321630475063,0.036571666333756525
0.00038861,0,0.8279263,48.696098406340525,0,0.82753769,0.14362075,500.0,2.4514,0.0,20,0.00038861442904347676,0.0,1225.7,2.5375259683400286,0.03647418008132419
0.00040485,0,0.82833115,64.29269009770861,0,0.8279263,0.14323446,500.0,2.393,0.0,20,0.0004048463392086754,0.0,1196.5,2.492940231934974,0.044918061510159646
0.00039437,0,0.82872552,62.33610510771425,0,0.82833115,0.14288857,500.0,2.4562,0.0,20,0.0003943677920208444,0.0,1228.1,2.5448539368694623,0.040305209427160094
0.00040286,0,0.82912838,50.45354298758413,0,0.82872552,0.14266871,500.0,2.4524,0.0,20,0.0004028578098076441,0.0,1226.2,2.5179623190190914,0.025662567811444603
0.00051383,0,0.82964221,57.16248769953946,0,0.82912838,0.14253616,500.0,2.367,0.0,20,0.0005138305481575678,0.0,1183.5,2.4452629715431424,0.015487357908440913
0.00035789,0,0.8300001,69.26355463012275,0,0.82964221,0.14226738,500.0,2.4288,0.0,20,0.0003578884877960542,0.0,1214.4,2.4948207470678123,0.03144146978766216
0.00036353,0,0.83036363,57.45006527411436,0,0.8300001,0.14214077,500.0,2.4366,0.0,20,0.0003635336253631216,0.0,1218.3,2.519400809716469,0.014827102651619128
0.0003779,0,0.83074153,53.353912696258746,0,0.83036363,0.14201938,500.0,2.4248,0.0,20,0.0003779006236654947,0.0,1212.4,2.5121196149865157,0.014227198438511834
0.00028626,0,0.83102779,63.67134363275209,0,0.83074153,0.14178287,500.0,2.3812,0.0,20,0.0002862582276254022,0.0,1190.6,2.448731622697759,0.02774797654421235
0.00034722,0,0.83137501,58.40239721107345,0,0.83102779,0.14150063,500.0,2.4092,0.0,20,0.0003472193163326365,0.0,1204.6,2.483496599554748,0.033162583831600756
0.00022913,0,0.83160414,61.77993201679653,0,0.83137501,0.1410488,500.0,2.4116,0.0,20,0.00022913279777647677,0.0,1205.8,2.4959538136752455,0.05320640382180031
0.0003373,0,0.83194144,52.66450417501336,0,0.83160414,0.14054691,500.0,2.427,0.0,20,0.00033730123401609635,0.0,1213.5,2.4903957516828528,0.059267272032979434
0.00034691,0,0.83228835,57.08554983531297,0,0.83194144,0.13998832,500.0,2.4364,0.0,20,0.0003469057611449333,0.0,1218.2,2.531235872059338,0.06617215175125679
0.00033305,0,0.83262139,65.45655047434137,0,0.83228835,0.13946154,500.0,2.3584,0.0,20,0.00033304625094421336,0.0,1179.2,2.4448209423186804,0.06260677194159925
0.00049466,0,0.83311606,64.57243994151065,0,0.83262139,0.13889919,500.0,2.392,0.0,20,0.0004946637069488391,0.0,1196.0,2.4683468151781267,0.06705359906961306
0.00047671,0,0.83359277,55.07258846286417,0,0.83311606,0.13832943,500.0,2.4598,0.0,20,0.0004767079988801104,0.0,1229.9,2.5481334266478277,0.06816945786196626
0.00059189,0,0.83418465,57.47138418378315,0,0.83359277,0.13777039,500.0,2.4344,0.0,20,0.000591885818902127,0.0,1217.2,2.515888836971936,0.06711548428895497
0.00069918,0,0.83488383,55.98714138085637,0,0.83418465,0.1373159,500.0,2.3856,0.0,20,0.0006991816186818767,0.0,1192.8,2.454406779651653,0.05473303760060233
0.0007005,0,0.83558434,57.50095651378332,0,0.83488383,0.13689007,500.0,2.4204,0.0,20,0.0007005030074768159,0.0,1210.2,2.506963071128093,0.05142072867787917
0.00065346,0,0.8362378,74.82372618361103,0,0.83558434,0.13644413,500.0,2.3982,0.0,20,0.000653462985305775,0.0,1199.1,2.4861690932034373,0.05399249102745074
0.00074944,0,0.83698724,66.37853568737413,0,0.8362378,0.13604075,500.0,2.3866,0.0,20,0.000749441845105947,0.0,1193.3,2.476235134230996,0.04896844798150113
0.00035177,0,0.83733901,57.77058074833592,0,0.83698724,0.13563044,500.0,2.4328,0.0,20,0.00035177340520009537,0.0,1216.4,2.503734043384001,0.04993492447058756
0.00032472,0,0.83766373,56.69215113223346,0,0.83733901,0.13517384,500.0,2.448,0.0,20,0.00032471638059416996,0.0,1224.0,2.547331152402451,0.055718024459451954
0.00045545,0,0.83811918,64.77430045936428,0,0.83766373,0.13479589,500.0,2.4234,0.0,20,0.0004554522901667468,0.0,1211.7,2.5151406402028496,0.04624121703901807
0.00042027,0,0.83853945,49.965087811390866,0,0.83811918,0.1344002,500.0,2.4054,0.0,20,0.0004202695040624871,0.0,1202.7,2.4737119557458587,0.04852828910783202
0.00024989,0,0.83878934,68.84613278899549,0,0.83853945,0.13403875,500.0,2.4378,0.0,20,0.00024988685129967436,0.0,1218.9,2.5212558696014966,0.04443549347059417
0.00026589,0,0.83905523,68.19816713079612,0,0.83878934,0.13368087,500.0,2.4722,0.0,20,0.0002658923763395604,0.0,1236.1,2.561684438021202,0.04409695636422839
0.00029817,0,0.83935341,71.53712322983083,0,0.83905523,0.1333179,500.0,2.4524,0.0,20,0.00029817424139144677,0.0,1226.2,2.539790196059509,0.04482516003701775
0.00019249,0,0.83954589,72.71389138259622,0,0.83935341,0.13305239,500.0,2.4466,0.0,20,0.0001924868198438512,0.0,1223.3,2.540895204450589,0.03285419101039011
0.00026519,0,0.83981109,50.55007418392183,0,0.83954589,0.13276412,500.0,2.4294,0.0,20,0.00026519360576571227,0.0,1214.7,2.5043992573070297,0.0357342098931106
0.00024518,0,0.84005626,67.78930594127661,0,0.83981109,0.13247693,500.0,2.4598,0.0,20,0.00024517596065531944,0.0,1229.9,2.5453062605509778,0.035666146619529826
0.00027428,0,0.84033054,52.18083939531827,0,0.84005626,0.1321528,500.0,2.4148,0.0,20,0.0002742778867251827,0.0,1207.4,2.4941413271905826,0.04033183256181161
0.00021659,0,0.84054713,71.11476639911011,0,0.84033054,0.13182263,500.0,2.4194,0.0,20,0.0002165881976857742,0.0,1209.7,2.506252908227739,0.04117015632067833
0.00039898,0,0.84094611,67.19940475926852,0,0.84054713,0.13146014,500.0,2.4376,0.0,20,0.0003989801227675116,0.0,1218.8,2.5242238886437947,0.045301712391651705
0.00041656,0,0.84136267,51.97797610526982,0,0.84094611,0.13110244,500.0,2.4634,0.0,20,0.00041656322880134766,0.0,1231.7,2.5473241725387052,0.04480580982880866
0.00054509,0,0.84190776,82.25934597357312,0,0.84136267,0.1305819,500.0,2.434,0.0,20,0.0005450880537970493,0.0,1217.0,2.52405308977446,0.06539010021479186
0.00053976,0,0.84244752,54.073653473757446,0,0.84190776,0.13010624,500.0,2.3996,0.0,20,0.0005397616445109721,0.0,1199.8,2.4860249073571246,0.05994587324082801
0.00039032,0,0.84283785,70.2925316089839,0,0.84244752,0.12951281,500.0,2.4328,0.0,20,0.0003903247524118525,0.0,1216.4,2.5310638395741814,0.07504973685593797
0.00031255,0,0.8431504,54.53769338723449,0,0.84283785,0.12896901,500.0,2.3964,0.0,20,0.00031255227131798957,0.0,1198.2,2.496490945307032,0.06903064364520617
0.00037813,0,0.84352853,47.91440284507363,0,0.8431504,0.12836595,500.0,2.4418,0.0,20,0.0003781324101627126,0.0,1220.9,2.533853342243785,0.07684474776553074
0.00049512,0,0.84402365,41.223658255909314,0,0.84352853,0.12782491,500.0,2.4218,0.0,20,0.0004951170750232547,0.0,1210.9,2.5029751816588193,0.06920303226374003
0.00051965,0,0.8445433,55.326666265011845,0,0.84402365,0.12726907,500.0,2.4672,0.0,20,0.0005196511948545313,0.0,1233.6,2.5476507138930957,0.07135763577700516
0.00052769,0,0.84507099,71.98222002689275,0,0.8445433,0.12675912,500.0,2.4248,0.0,20,0.0005276897608771369,0.0,1212.4,2.507338222099284,0.06570094261570958
0.00061267,0,0.84568366,78.8473842305501,0,0.84507099,0.1262424,500.0,2.4454,0.0,20,0.0006126698730674063,0.0,1222.7,2.5216698515071316,0.06680363441510195
0.00050764,0,0.8461913,64.3467947919708,0,0.84568366,0.12572727,500.0,2.4694,0.0,20,0.0005076416857123789,0.0,1234.7,2.5448111206924575,0.06683181961667017
0.000325,0,0.8465163,41.080895803280626,0,0.8461913,0.12521768,500.0,2.4348,0.0,20,0.00032499955244602585,0.0,1217.4,2.535931576364,0.06634430937247515
0.00031564,0,0.84683194,48.529887698200994,0,0.8465163,0.12469815,500.0,2.499,0.0,20,0.0003156419815296685,0.0,1249.5,2.575771534899786,0.06787622882375999
0.00037495,0,0.84720689,74.95458625060911,0,0.84683194,0.12418819,500.0,2.4422,0.0,20,0.0003749475342531561,0.0,1221.1,2.5317304674866166,0.06686275710778844
0.00038054,0,0.84758743,39.193877072828606,0,0.84720689,0.12368855,500.0,2.4696,0.0,20,0.0003805400962723082,0.0,1234.8,2.5802859996519762,0.06573902627314965
0.00029565,0,0.84788308,60.11746834323614,0,0.84758743,0.12315865,500.0,2.4234,0.0,20,0.0002956542240747373,0.0,1211.7,2.5043027852078907,0.0699689546377833
0.00039089,0,0.84827397,62.840751109451254,0,0.84788308,0.12266747,500.0,2.4416,0.0,20,0.00039089127755520536,0.0,1220.8,2.533967134751357,0.06508866539807912
0.00030056,0,0.84857453,53.12588822786872,0,0.84827397,0.1222175,500.0,2.4316,0.0,20,0.0003005600719944157,0.0,1215.8,2.527631587079098,0.05982445784414381
0.00030534,0,0.84887987,52.79876892504218,0,0.84857453,0.121784,500.0,2.4734,0.0,20,0.0003053356804487706,0.0,1236.7,2.5522328342061584,0.05781364305482484
0.00032166,0,0.84920153,75.24068048602432,0,0.84887987,0.12130469,500.0,2.5164,0.0,20,0.0003216644711820926,0.0,1258.2,2.6014863136291915,0.0641304460753851
0.00048567,0,0.8496872,67.0089546254827,0,0.84920153,0.12085226,500.0,2.45,0.0,20,0.0004856655752700778,0.0,1225.0,2.5386413689215734,0.060734807742047536
0.00061491,0,0.85030211,60.90287349542712,0,0.8496872,0.12030668,500.0,2.4444,0.0,20,0.000614913687579155,0.0,1222.2,2.539312631402443,0.07350121461410097
0.00065748,0,0.8509596,74.12658092749186,0,0.85030211,0.11981385,500.0,2.435,0.0,20,0.0006574832159551569,0.0,1217.5,2.5234846938311315,0.06664185474079076
0.00054612,0,0.85150571,64.79035422036215,0,0.8509596,0.11924194,500.0,2.4698,0.0,20,0.0005461157594963684,0.0,1234.9,2.5571249402405036,0.07763309116982597
0.00056772,0,0.85207343,56.01071326094678,0,0.85150571,0.11869759,500.0,2.456,0.0,20,0.0005677173931204482,0.0,1228.0,2.5345737314191514,0.07419026354062197
0.00050713,0,0.85258056,61.11063737190114,0,0.85207343,0.11814334,500.0,2.4846,0.0,20,0.0005071322150991264,0.0,1242.3,2.5713737262405085,0.07584464705257332
0.00037722,0,0.85295778,58.81870450800493,0,0.85258056,0.11761199,500.0,2.5228,0.0,20,0.00037722012057350707,0.0,1261.4,2.6032825739823173,0.07300025650154396
0.0003812,0,0.85333899,59.44501661199196,0,0.85295778,0.11699058,500.0,2.4706,0.0,20,0.0003812027228858872,0.0,1235.3,2.56447570470067,0.08573587378481662
0.00029692,0,0.85363591,66.35631092820034,0,0.85333899,0.11644857,500.0,2.5404,0.0,20,0.00029692304926876023,0.0,1270.2,2.6186958280793133,0.07510460149888587
0.00029629,0,0.8539322,71.17330960409247,0,0.85363591,0.11585217,500.0,2.4828,0.0,20,0.0002962924401901379,0.0,1241.4,2.565249336809192,0.0829938878287102
0.0003695,0,0.8543017,69.89535034607094,0,0.8539322,0.115219,500.0,2.4104,0.0,20,0.0003694963427566256,0.0,1205.2,2.5055881225772123,0.08851582804721048
0.00029132,0,0.85459302,68.38830309343844,0,0.8543017,0.11457332,500.0,2.4896,0.0,20,0.00029132069131743155,0.0,1244.8,2.5691033143881157,0.09070393967324719
0.00019511,0,0.85478812,49.72916649211004,0,0.85459302,0.11398212,500.0,2.4622,0.0,20,0.00019510527338661987,0.0,1231.1,2.5689630515054125,0.08344000456017753
0.00017505,0,0.85496318,61.68460099571043,0,0.85478812,0.11338605,500.0,2.4618,0.0,20,0.00017505401912221163,0.0,1230.9,2.5447869773322873,0.08451126656502339
0.00023764,0,0.85520082,72.60137739740205,0,0.85496318,0.11276007,500.0,2.4584,0.0,20,0.00023763909791396642,0.0,1229.2,2.5420207394905336,0.08916962726288702
0.00034865,0,0.85554946,45.5582045300295,0,0.85520082,0.11221169,500.0,2.411,0.0,20,0.00034864818081548066,0.0,1205.5,2.507165531033003,0.0784705577940521
0.00039193,0,0.8559414,53.4718617592468,0,0.85554946,0.11166186,500.0,2.4868,0.0,20,0.00039193034032425356,0.0,1243.4,2.557308303666181,0.07901637090295566
0.00049847,0,0.85643986,73.89039179758082,0,0.8559414,0.1110453,500.0,2.4942,0.0,20,0.0004984661561340253,0.0,1247.1,2.5760757675192707,0.08901069610194057
0.00058592,0,0.85702578,62.505279776991635,0,0.85643986,0.1104851,500.0,2.4934,0.0,20,0.0005859190331340969,0.0,1246.7,2.5752973498219585,0.0812504817725781
0.00049691,0,0.85752269,66.52300354012888,0,0.85702578,0.10991654,500.0,2.4186,0.0,20,0.0004969103835830158,0.0,1209.3,2.5108512580397906,0.08283328283375724
0.00055472,0,0.85807741,61.54348056455696,0,0.85752269,0.10934313,500.0,2.448,0.0,20,0.0005547151509851522,0.0,1224.0,2.5337908358820784,0.08392005937912828
0.00050186,0,0.85857926,53.05054193879644,0,0.85807741,0.10882344,500.0,2.4324,0.0,20,0.0005018578945557017,0.0,1216.2,2.5113005077051214,0.07639368719402029
0.00064262,0,0.85922188,61.45567508375447,0,0.85857926,0.10839841,500.0,2.508,0.0,20,0.0006426197225122277,0.0,1254.0,2.601756329866423,0.06271564973284782
0.0006774,0,0.85989929,82.23496823128225,0,0.85922188,0.10789105,500.0,2.5298,0.0,20,0.0006774023361548753,0.0,1264.9,2.6129890853197226,0.07514850636797377
0.00063028,0,0.86052957,70.21082537614838,0,0.85989929,0.10736341,500.0,2.4836,0.0,20,0.0006302811189071722,0.0,1241.8,2.5629145596371328,0.07848219156691982
0.00067281,0,0.86120238,64.23239058294499,0,0.86052957,0.10689537,500.0,2.442,0.0,20,0.0006728083731026846,0.0,1221.0,2.5232986347239996,0.06990194378243686
0.00072329,0,0.86192567,76.53600459914276,0,0.86120238,0.1064198,500.0,2.4456,0.0,20,0.0007232903969306426,0.0,1222.8,2.5338983089303326,0.07130248485962909
0.00071638,0,0.86264205,77.48703117296468,0,0.86192567,0.10598999,500.0,2.4928,0.0,20,0.0007163828374510128,0.0,1246.4,2.5861840924419903,0.06468473261005414
0.00074783,0,0.86338987,81.28191680810683,0,0.86264205,0.10558805,500.0,2.519,0.0,20,0.0007478264496810771,0.0,1259.5,2.6101032546625436,0.060699489823246466
0.00072285,0,0.86411272,70.6385164057117,0,0.86338987,0.10520012,500.0,2.462,0.0,20,0.0007228475038544291,0.0,1231.0,2.547185898202171,0.058777023308877574
0.00067872,0,0.86479144,73.39455020640158,0,0.86411272,0.10477116,500.0,2.4436,0.0,20,0.0006787162803425506,0.0,1221.8,2.52966777265316,0.06521598877695567
0.00071746,0,0.8655089,63.7193848055676,0,0.86479144,0.10429714,500.0,2.5144,0.0,20,0.0007174567743947202,0.0,1257.2,2.604494699553063,0.0723429181581956
0.00062969,0,0.86613858,59.69120538236767,0,0.8655089,0.1038121,500.0,2.4808,0.0,20,0.0006296881401798293,0.0,1240.4,2.5520249528560646,0.07432518405006405
0.00061513,0,0.86675371,53.203759265675956,0,0.86613858,0.10337964,500.0,2.4912,0.0,20,0.000615125301456243,0.0,1245.6,2.5892706617887593,0.06652766805522958
0.00066634,0,0.86742004,57.13877842586417,0,0.86675371,0.10290305,500.0,2.5148,0.0,20,0.0006663351365567838,0.0,1257.4,2.5971871245638036,0.07360202198939803
0.00065225,0,0.86807229,71.76517261178991,0,0.86742004,0.10244786,500.0,2.4552,0.0,20,0.0006522466708527297,0.0,1227.6,2.547624964550317,0.07058007633242269
0.00061326,0,0.86868555,82.57426960016056,0,0.86807229,0.10196202,500.0,2.4454,0.0,20,0.0006132584633750104,0.0,1222.7,2.54346591091762,0.0756384777270327
0.0005367,0,0.86922225,62.06214627290938,0,0.86868555,0.10146263,500.0,2.4726,0.0,20,0.0005366963374129341,0.0,1236.3,2.5552004304946414,0.07808201914546942
0.00059316,0,0.8698154,80.83934685535256,0,0.86922225,0.10097595,500.0,2.478,0.0,20,0.0005931594549104524,0.0,1239.0,2.5630286771708195,0.07642454600587811
0.00065057,0,0.87046598,59.85281948246047,0,0.8698154,0.10047016,500.0,2.4996,0.0,20,0.0006505708927259102,0.0,1249.8,2.576043446838582,0.07977215536775972
0.0005847,0,0.87105067,66.28152080331289,0,0.87046598,0.09997451,500.0,2.4812,0.0,20,0.0005846964205625804,0.0,1240.6,2.5667969456113977,0.07851921486363622
0.00061247,0,0.87166315,75.35907377350122,0,0.87105067,0.09947508,500.0,2.5542,0.0,20,0.0006124728951926173,0.0,1277.1,2.6300688888316213,0.07946942109441579
0.0005127,0,0.87217584,57.59817705448672,0,0.87166315,0.09901093,500.0,2.499,0.0,20,0.0005126962150051595,0.0,1249.5,2.5881651802000585,0.0741745888023857
0.00052424,0,0.87270008,50.79872045632646,0,0.87217584,0.09855417,500.0,2.5286,0.0,20,0.0005242396909678204,0.0,1264.3,2.6146093474934267,0.0732955904090602
0.00050667,0,0.87320675,83.28721390465645,0,0.87270008,0.09803184,500.0,2.5236,0.0,20,0.0005066703131434425,0.0,1261.8,2.6184428655214154,0.08418987174954395
0.00064703,0,0.87385379,58.741041870229026,0,0.87320675,0.0975165,500.0,2.5206,0.0,20,0.000647034145722869,0.0,1260.3,2.609784596475349,0.08345657304311871
0.0006316,0,0.87448538,65.92381967088983,0,0.87385379,0.09703841,500.0,2.515,0.0,20,0.0006315966196459577,0.0,1257.5,2.6026092676389205,0.07777585078597227
0.00061732,0,0.8751027,79.86307031413205,0,0.87448538,0.09655541,500.0,2.5434,0.0,20,0.0006173185825141259,0.0,1271.7,2.625169792603899,0.07892274437840996
0.00044622,0,0.87554892,56.10873372301321,0,0.8751027,0.09603795,500.0,2.4922,0.0,20,0.00044622329647392434,0.0,1246.1,2.5741288157355293,0.08494618515766561
0.00043321,0,0.87598214,53.64801953474145,0,0.87554892,0.09552239,500.0,2.4846,0.0,20,0.00043321322187228617,0.0,1242.3,2.5738614648034184,0.08504144339693909
0.00043221,0,0.87641435,47.768085580228146,0,0.87598214,0.09505461,500.0,2.5058,0.0,20,0.00043221323058206806,0.0,1252.9,2.583905253680947,0.07751601260462593
0.00040785,0,0.8768222,64.56152104775724,0,0.87641435,0.09462779,500.0,2.5402,0.0,20,0.0004078496791830588,0.0,1270.1,2.628266341145813,0.0710274563831419
0.00040572,0,0.87722792,67.50674040419963,0,0.8768222,0.09419913,500.0,2.5476,0.0,20,0.0004057171403504256,0.0,1273.8,2.628485160696176,0.07162382055366834
0.00049293,0,0.87772085,69.9331108989154,0,0.87722792,0.09379221,500.0,2.5592,0.0,20,0.0004929280522422141,0.0,1279.6,2.6459205127894525,0.06826138367433998
0.00056358,0,0.87828442,76.79394507381424,0,0.87772085,0.09336731,500.0,2.5486,0.0,20,0.000563576876242089,0.0,1274.3,2.6251548601939656,0.07155969459917344
0.00058555,0,0.87886997,65.08602000429892,0,0.87828442,0.09288835,500.0,2.5482,0.0,20,0.0005855524264209988,0.0,1274.1,2.6293491133738787,0.08101863747737781
0.00046045,0,0.87933043,78.3986607028462,0,0.87886997,0.09238807,500.0,2.523,0.0,20,0.00046045118223669856,0.0,1261.5,2.6117563056303705,0.0850243199857772
0.00040423,0,0.87973466,57.56943633561127,0,0.87933043,0.09187124,500.0,2.4808,0.0,20,0.0004042293565569288,0.0,1240.4,2.5692083138585704,0.08827225563747731
0.00037265,0,0.8801073,64.6309523370962,0,0.87973466,0.09139717,500.0,2.5036,0.0,20,0.0003726485030354221,0.0,1251.8,2.591059057605596,0.081363507851826
0.0003351,0,0.8804424,48.72566059069902,0,0.8801073,0.09091773,500.0,2.5198,0.0,20,0.00033509927109243165,0.0,1259.9,2.616678803368881,0.0826722946813021
0.00033909,0,0.88078149,46.728577979647525,0,0.8804424,0.0904868,500.0,2.4956,0.0,20,0.0003390907755312922,0.0,1247.8,2.5904402405768794,0.07464154434249792
0.00037918,0,0.88116068,57.25591672482417,0,0.88078149,0.09008421,500.0,2.5072,0.0,20,0.00037918161528016636,0.0,1253.6,2.587111934184526,0.07002401102403866
0.00033486,0,0.88149553,63.68634076471971,0,0.88116068,0.08961455,500.0,2.531,0.0,20,0.0003348574701721452,0.0,1265.5,2.618098355677265,0.0820448066161461
0.00031118,0,0.88180672,80.44345840402437,0,0.88149553,0.08912763,500.0,2.509,0.0,20,0.00031118436380006553,0.0,1254.5,2.6109996170049508,0.08547241093469893
0.0002719,0,0.88207862,55.56716656443804,0,0.88180672,0.08866527,500.0,2.5434,0.0,20,0.0002719044818151328,0.0,1271.7,2.6391507042986384,0.08155104942252223
0.00030425,0,0.88238288,67.16368066150038,0,0.88207862,0.08818457,500.0,2.5744,0.0,20,0.00030425438135150973,0.0,1287.2,2.6655702279249742,0.08519409409507261
0.00030502,0,0.8826879,67.15735253864612,0,0.88238288,0.08770914,500.0,2.5626,0.0,20,0.0003050235632009457,0.0,1281.3,2.654784593898345,0.08467423853565492
0.00031993,0,0.88300783,76.78671760141854,0,0.8826879,0.08727409,500.0,2.526,0.0,20,0.0003199333992514042,0.0,1263.0,2.6066307755414844,0.07784615565129371
0.00031601,0,0.88332384,63.15528481449514,0,0.88300783,0.08682633,500.0,2.4822,0.0,20,0.0003160117289688902,0.0,1241.1,2.5715137876356016,0.0804875248889303
0.00040507,0,0.88372891,90.3878310393606,0,0.88332384,0.08640386,500.0,2.4964,0.0,20,0.0004050673213283895,0.0,1248.2,2.5912134300362064,0.07628828915284203
0.00027664,0,0.88400556,64.91532946846992,0,0.88372891,0.08599781,500.0,2.564,0.0,20,0.00027664313202091506,0.0,1282.0,2.6403605814358007,0.07364112352647112
0.00017182,0,0.88417738,49.8809582907145,0,0.88400556,0.08559708,500.0,2.5194,0.0,20,0.00017182238011514972,0.0,1259.7,2.607417043742715,0.0729851707338014
0.00015742,0,0.8843348,59.60696268054597,0,0.88417738,0.08517824,500.0,2.5178,0.0,20,0.00015741839271354863,0.0,1258.9,2.6046656522479044,0.07661570306807164
0.00013406,0,0.88446885,58.24937767907912,0,0.8843348,0.08472941,500.0,2.5962,0.0,20,0.00013405663520715816,0.0,1298.1,2.67957936251196,0.08248198030198495
8.96068965e-05,0,0.88455846,62.29759224881809,0,0.88446885,0.08427425,500.0,2.5318,0.0,20,8.960689649650799e-05,0.0,1265.9,2.623125761377064,0.084051657074113
6.91219511e-05,0,0.88462758,69.70932505769942,0,0.88455846,0.08385944,500.0,2.5798,0.0,20,6.912195107855457e-05,0.0,1289.9,2.6521372438092263,0.07695950820756536
1.85256793e-05,0,0.88464611,58.175166523182384,0,0.88462758,0.08340034,500.0,2.601,0.0,20,1.8525679268077688e-05,0.0,1300.5,2.676415326514179,0.08558006589689171
5.33593639e-05,0,0.88469947,83.19921874633198,0,0.88464611,0.08300434,500.0,2.5466,0.0,20,5.335936392969476e-05,0.0,1273.3,2.640005386358142,0.07416428918087092
0.00011551,0,0.88481497,51.9207087779048,0,0.88469947,0.0825706,500.0,2.5824,0.0,20,0.00011550537227988933,0.0,1291.2,2.656917431912403,0.08160143642291473
0.00016221,0,0.88497718,63.719620212301955,0,0.88481497,0.08216735,500.0,2.5162,0.0,20,0.0001622066514628262,0.0,1258.1,2.6003725809968077,0.07621580428754271
0.00015893,0,0.88513611,67.99669109596437,0,0.88497718,0.08174949,500.0,2.559,0.0,20,0.00015893048703330415,0.0,1279.5,2.6323979562368605,0.07933656312564352
0.00013331,0,0.88526942,63.05901997335512,0,0.88513611,0.08135444,500.0,2.5468,0.0,20,0.0001333107121553878,0.0,1273.4,2.642614190531792,0.07534638958767914
0.00018425,0,0.88545367,58.146281050467884,0,0.88526942,0.08106319,500.0,2.5802,0.0,20,0.00018424665220639902,0.0,1290.1,2.680404439632199,0.05576467767628657
0.00016626,0,0.88561992,63.659956016321594,0,0.88545367,0.08076026,500.0,2.5702,0.0,20,0.00016625612818021995,0.0,1285.1,2.6502965796302873,0.05819248489198969
0.00018924,0,0.88580916,74.9006675537675,0,0.88561992,0.08049678,500.0,2.5486,0.0,20,0.00018924241620632554,0.0,1274.3,2.628504905835254,0.050778881377475216
0.00022315,0,0.88603231,87.09368519014454,0,0.88580916,0.08022378,500.0,2.6006,0.0,20,0.00022314888528807142,0.0,1300.3,2.6853081089513733,0.05277070237850978
0.00028628,0,0.8863186,62.47007283491833,0,0.88603231,0.07995376,500.0,2.5226,0.0,20,0.00028628419010867656,0.0,1261.3,2.6150505234125014,0.05235946476278741
0.00028019,0,0.88659879,78.38743521764187,0,0.8863186,0.07968988,500.0,2.5222,0.0,20,0.0002801941633415739,0.0,1261.1,2.6247489708541654,0.051323003507910414
0.00029976,0,0.88689855,82.0971984905697,0,0.88659879,0.07953251,500.0,2.553,0.0,20,0.0002997579897336955,0.0,1276.5,2.621944126025572,0.030680720627948688
0.0002464,0,0.88714495,48.58188962977871,0,0.88689855,0.07936962,500.0,2.586,0.0,20,0.0002464024983503954,0.0,1293.0,2.680261927498878,0.031816574051383384
0.0003473,0,0.88749225,57.85801586642943,0,0.88714495,0.07925284,500.0,2.591,0.0,20,0.00034729958759827095,0.0,1295.5,2.672511739918087,0.022845868235933153
0.00037635,0,0.88786861,65.56973387165758,0,0.88749225,0.07913036,500.0,2.5542,0.0,20,0.0003763533347692638,0.0,1277.1,2.6485585438120864,0.023995820881069108
0.0004404,0,0.88830901,65.00430754957705,0,0.88786861,0.07891902,500.0,2.5436,0.0,20,0.00044040182989912857,0.0,1271.8,2.6256616385208513,0.04148336183676804
0.00048479,0,0.88879379,65.32258414974105,0,0.88830901,0.07866372,500.0,2.6688,0.0,20,0.00048478745175217774,0.0,1334.4,2.7362577656353944,0.050247031790789265
0.00053026,0,0.88932406,84.57298623082904,0,0.88879379,0.07837105,500.0,2.5742,0.0,20,0.0005302644621270058,0.0,1287.1,2.6710848657427566,0.05778671047825412
0.00050658,0,0.88983064,64.50201547238659,0,0.88932406,0.07806857,500.0,2.5786,0.0,20,0.0005065816789392441,0.0,1289.3,2.6672873935892247,0.05993173451762601
0.00025906,0,0.8900897,72.24984429048965,0,0.88983064,0.07776157,500.0,2.5348,0.0,20,0.00025905995094899215,0.0,1267.4,2.6106682975820577,0.061045850785767186
0.00026865,0,0.89035835,54.851071092550235,0,0.8900897,0.07741772,500.0,2.5712,0.0,20,0.0002686492498498172,0.0,1285.6,2.660550800116397,0.06863342838249764
0.00019192,0,0.89055027,64.04248589803491,0,0.89035835,0.07704025,500.0,2.5608,0.0,20,0.0001919246617603232,0.0,1280.4,2.6528293122626643,0.07566911317463365
0.00024998,0,0.89080026,83.15383334519221,0,0.89055027,0.07663571,500.0,2.5616,0.0,20,0.0002499833833495835,0.0,1280.8,2.6457145424251647,0.08147076038485324
0.00010315,0,0.89090341,52.40944571353526,0,0.89080026,0.07628589,500.0,2.541,0.0,20,0.00010314714052617191,0.0,1270.5,2.6369146743874743,0.07077174107950412
7.55373156e-05,0,0.89097894,79.46974266977338,0,0.89090341,0.07593199,500.0,2.5408,0.0,20,7.553731556542154e-05,0.0,1270.4,2.626392080402315,0.07189939459588857
0.00014211,0,0.89112105,80.37779544127844,0,0.89097894,0.07564259,500.0,2.6202,0.0,20,0.00014210658886160132,0.0,1310.1,2.7006206619960533,0.059023647981035765
0.00026821,0,0.89138926,60.30348248650321,0,0.89112105,0.07531248,500.0,2.5946,0.0,20,0.0002682102258798613,0.0,1297.3,2.6772468769241287,0.06758131734434869
0.0003206,0,0.89170986,60.667206957301076,0,0.89138926,0.07497356,500.0,2.5414,0.0,20,0.0003206031353736316,0.0,1270.7,2.6312137959504547,0.06967001562593822
0.0002605,0,0.89197037,58.18625267191555,0,0.89170986,0.07460036,500.0,2.6452,0.0,20,0.0002605046295308666,0.0,1322.6,2.7106672536480754,0.0770493011394322
0.00020561,0,0.89217598,69.38847166496751,0,0.89197037,0.07422344,500.0,2.6036,0.0,20,0.00020561119931694627,0.0,1301.8,2.6882832886435164,0.07818019403044474
0.0002314,0,0.89240738,67.9808061146674,0,0.89217598,0.07386622,500.0,2.5738,0.0,20,0.00023139819869655298,0.0,1286.9,2.654798214554168,0.07443116639696967
0.00030796,0,0.89271533,62.1799807011871,0,0.89240738,0.07349958,500.0,2.563,0.0,20,0.0003079563521058981,0.0,1281.5,2.655151784738492,0.07673950068296165
0.0003278,0,0.89304314,70.82965480644388,0,0.89271533,0.07311384,500.0,2.5732,0.0,20,0.00032780253390141123,0.0,1286.6,2.665978574557568,0.08111800066665609
0.00021255,0,0.89325569,58.94370195364387,0,0.89304314,0.07271008,500.0,2.5996,0.0,20,0.00021255495916383538,0.0,1299.8,2.6781485843769013,0.08533050829954902
0.00011236,0,0.89336805,64.59071140651727,0,0.89325569,0.07228129,500.0,2.5444,0.0,20,0.00011235685912813764,0.0,1272.2,2.6431096534196232,0.09109980875334145
7.09927939e-05,0,0.89343904,62.25520058597514,0,0.89336805,0.07191591,500.0,2.5986,0.0,20,7.099279389521929e-05,0.0,1299.3,2.6873924238934666,0.07802189437232698
0.00015392,0,0.89359296,72.8713935642787,0,0.89343904,0.07153447,500.0,2.6112,0.0,20,0.0001539192075024065,0.0,1305.6,2.6974125676284673,0.08184276265502888
0.0002241,0,0.89381706,59.44232498817656,0,0.89359296,0.07118714,500.0,2.6278,0.0,20,0.00022410174021403328,0.0,1313.9,2.7064122302413574,0.07487502131572654
0.00022902,0,0.89404608,62.681017860274096,0,0.89381706,0.07084134,500.0,2.5746,0.0,20,0.00022901672690878172,0.0,1287.3,2.6609462301970703,0.07488249353791332
0.00018943,0,0.8942355,69.24528864839831,0,0.89404608,0.07052083,500.0,2.5574,0.0,20,0.0001894269580378083,0.0,1278.7,2.6503028581654586,0.06970735147194773
0.00020212,0,0.89443762,65.60518272209902,0,0.8942355,0.07022347,500.0,2.6132,0.0,20,0.00020211982813522766,0.0,1306.6,2.6962169348922944,0.06493307150356742
0.00022938,0,0.89466701,45.92210796555402,0,0.89443762,0.06995929,500.0,2.5492,0.0,20,0.0002293849784542612,0.0,1274.6,2.6511845201720683,0.057902531271494695
0.00035686,0,0.89502387,82.62172837698326,0,0.89466701,0.0696618,500.0,2.597,0.0,20,0.00035685555218334386,0.0,1298.5,2.6752179350475354,0.06544724551935133
0.00043177,0,0.89545563,64.79652768474558,0,0.89502387,0.06940978,500.0,2.6018,0.0,20,0.0004317683135783845,0.0,1300.9,2.683102077819627,0.0556452712176565
0.00045802,0,0.89591365,55.391244795545084,0,0.89545563,0.06917748,500.0,2.5818,0.0,20,0.0004580210863442957,0.0,1290.9,2.676174276836245,0.05145656538280008
0.00044625,0,0.8963599,62.97451865635814,0,0.89591365,0.0689632,500.0,2.5798,0.0,20,0.00044624681355698304,0.0,1289.9,2.6620728690251885,0.04760785239137988
0.00053212,0,0.89689202,71.19065949968436,0,0.8963599,0.06876606,500.0,2.6294,0.0,20,0.0005321184387648836,0.0,1314.7,2.7013062840040925,0.04391929896760871
0.00043336,0,0.89732538,71.0067602415432,0,0.89689202,0.06853608,500.0,2.5524,0.0,20,0.00043336207013322525,0.0,1276.2,2.6399345143393234,0.05138540313986795
0.00044986,0,0.89777525,76.85382228620773,0,0.89732538,0.06829437,500.0,2.6526,0.0,20,0.00044986452776130115,0.0,1326.3,2.7270704501350895,0.05417720260268766
0.00041434,0,0.89818958,63.09825671125947,0,0.89777525,0.06805861,500.0,2.5578,0.0,20,0.00041433754395725497,0.0,1278.9,2.660913219178709,0.05301588694113235
0.00033636,0,0.89852594,56.16858552607498,0,0.89818958,0.06783742,500.0,2.5946,0.0,20,0.0003363565666992807,0.0,1297.3,2.6817253476073946,0.04989464096284735
0.00028573,0,0.89881167,56.968763370815765,0,0.89852594,0.06762168,500.0,2.5192,0.0,20,0.00028573178834234714,0.0,1259.6,2.62130337046287,0.048809867334973944
0.00026262,0,0.89907429,66.8887882981894,0,0.89881167,0.06741807,500.0,2.6006,0.0,20,0.00026262121443676456,0.0,1300.3,2.683221876774263,0.04619874852797068
0.00020285,0,0.89927714,51.84390031623778,0,0.89907429,0.06724313,500.0,2.5938,0.0,20,0.00020284810064596925,0.0,1296.9,2.6753320466813086,0.039799028525052904
0.00028081,0,0.89955795,69.16494776980605,0,0.89927714,0.06706432,500.0,2.5602,0.0,20,0.000280811867616082,0.0,1280.1,2.6513724672327723,0.04077558821943228
0.00023723,0,0.89979518,52.008749263945965,0,0.89955795,0.06691513,500.0,2.5394,0.0,20,0.00023722683822502422,0.0,1269.7,2.6317765178677313,0.0340990264434069
0.00020647,0,0.90000165,57.29738213915187,0,0.89979518,0.06675291,500.0,2.6358,0.0,20,0.00020647422854447317,0.0,1317.9,2.7128137348516943,0.03715757951326992
0.00026237,0,0.90026403,90.61318888550386,0,0.90000165,0.06657939,500.0,2.633,0.0,20,0.00026237423494157586,0.0,1316.5,2.7085994535922064,0.0398394661383179
0.00032726,0,0.90059129,60.95531149949117,0,0.90026403,0.06643009,500.0,2.637,0.0,20,0.0003272595208440032,0.0,1318.5,2.7120897846494683,0.03435678604056136
0.00030004,0,0.90089133,69.53847855683931,0,0.90059129,0.06626737,500.0,2.636,0.0,20,0.00030004299862385064,0.0,1318.0,2.715346018466155,0.0375250099637654
0.00029449,0,0.90118582,89.41694470289174,0,0.90089133,0.06605841,500.0,2.6618,0.0,20,0.0002944917559238869,0.0,1330.9,2.73934677614938,0.04831390458237195
0.00027589,0,0.90146171,63.00031745951762,0,0.90118582,0.0658308,500.0,2.6088,0.0,20,0.0002758897216114109,0.0,1304.4,2.6818953297994312,0.05278952191355302
0.00025729,0,0.90171901,78.85245715892435,0,0.90146171,0.06558399,500.0,2.6174,0.0,20,0.00025729246955452645,0.0,1308.7,2.6934025395399033,0.05743305192203252
0.00016887,0,0.90188787,41.886871451565824,0,0.90171901,0.06534777,500.0,2.6414,0.0,20,0.00016886954222594674,0.0,1320.7,2.7165062193928438,0.05515783282245934
0.00021751,0,0.90210539,71.20245782274654,0,0.90188787,0.06513311,500.0,2.6642,0.0,20,0.00021751274205428217,0.0,1332.1,2.7358432630543734,0.05028601828286128
0.0002103,0,0.90231568,51.31705369562832,0,0.90210539,0.0649373,500.0,2.6248,0.0,20,0.00021029640715075626,0.0,1312.4,2.7073280111578644,0.04600286416773258
0.00027131,0,0.90258699,65.34187019056004,0,0.90231568,0.06472583,500.0,2.6444,0.0,20,0.00027130731136737474,0.0,1322.2,2.717636590863466,0.0498277530442337
0.00037992,0,0.90296691,43.77624926829616,0,0.90258699,0.0645581,500.0,2.5964,0.0,20,0.00037991737062348374,0.0,1298.2,2.6818476914247014,0.03962953134817582
0.00046061,0,0.90342752,62.3910249955873,0,0.90296691,0.06439682,500.0,2.6688,0.0,20,0.0004606137091740514,0.0,1334.4,2.7444319193596334,0.03819835227226065
0.00039411,0,0.90382164,68.0496877288941,0,0.90342752,0.06422883,500.0,2.6364,0.0,20,0.00039411317802140466,0.0,1318.2,2.7151049777126484,0.03987945760147227
0.00046865,0,0.90429029,74.96792647526007,0,0.90382164,0.06408676,500.0,2.6458,0.0,20,0.00046865064508072596,0.0,1322.9,2.7247279423825055,0.03380257624425553
0.00051524,0,0.90480553,76.17217339685142,0,0.90429029,0.06395616,500.0,2.594,0.0,20,0.0005152413558848767,0.0,1297.0,2.6740164546988114,0.031135448281396805
0.00054715,0,0.90535268,66.36595512761042,0,0.90480553,0.06389466,500.0,2.6588,0.0,20,0.0005471498600396751,0.0,1329.4,2.7282929754701932,0.014682467335411786
0.00058291,0,0.90593559,54.77325989933409,0,0.90535268,0.06382904,500.0,2.5834,0.0,20,0.0005829125269034563,0.0,1291.7,2.6674415532491054,0.0156796100686023
0.00042921,0,0.9063648,58.57397032812442,0,0.90593559,0.0637478,500.0,2.5926,0.0,20,0.00042920834906301497,0.0,1296.3,2.6733546790502754,0.01943502401807251
0.00043134,0,0.90679613,87.30177546877269,0,0.9063648,0.06367583,500.0,2.712,0.0,20,0.0004313366534002272,0.0,1356.0,2.766994036856603,0.01723544077754724
0.0003143,0,0.90711043,76.3769598766539,0,0.90679613,0.06350348,500.0,2.6048,0.0,20,0.00031429755023060224,0.0,1302.4,2.6997438693327926,0.041348576607681764
0.00036692,0,0.90747735,62.78940993511566,0,0.90711043,0.06332356,500.0,2.6574,0.0,20,0.0003669199364751963,0.0,1328.7,2.741719394832374,0.04327595624435787
0.00031791,0,0.90779526,70.12695630069796,0,0.90747735,0.06313137,500.0,2.6398,0.0,20,0.0003179063944905858,0.0,1319.9,2.719238121239109,0.04635419832015941
0.00030355,0,0.90809881,57.81513642637195,0,0.90779526,0.0629012,500.0,2.6598,0.0,20,0.0003035462245495335,0.0,1329.9,2.7300300291388733,0.05568792970260006
0.00027069,0,0.90836949,58.7857125499045,0,0.90809881,0.06266034,500.0,2.6504,0.0,20,0.00027068580393629915,0.0,1325.2,2.7169431057716316,0.058479768618283856
0.00032033,0,0.90868982,72.01833099982255,0,0.90836949,0.0624133,500.0,2.6568,0.0,20,0.0003203326733492995,0.0,1328.4,2.746163461995662,0.06019801883099518
0.00035087,0,0.9090407,82.35387058299081,0,0.90868982,0.06215777,500.0,2.6344,0.0,20,0.0003508739603290678,0.0,1317.2,2.7053902934696876,0.06250084991196303
0.00037108,0,0.90941178,62.778658794211275,0,0.9090407,0.06189838,500.0,2.6076,0.0,20,0.0003710785037791542,0.0,1303.8,2.6968912176800908,0.06369040066432063
0.00039974,0,0.90981151,59.37305786297351,0,0.90941178,0.06162736,500.0,2.6116,0.0,20,0.00039973654241232115,0.0,1305.8,2.700730538206283,0.06681367030353869
0.00035883,0,0.91017034,45.353720905786766,0,0.90981151,0.0613667,500.0,2.6424,0.0,20,0.0003588251939371512,0.0,1321.2,2.7206106373386105,0.06451768637305832
0.00027735,0,0.91044769,77.11672970244524,0,0.91017034,0.06110257,500.0,2.6578,0.0,20,0.0002773496199497405,0.0,1328.9,2.7394340948451377,0.06564150786143585
0.00028904,0,0.91073673,58.64222028538824,0,0.91044769,0.06086936,500.0,2.6634,0.0,20,0.00028904084334013813,0.0,1331.7,2.7372066856560178,0.05817636601148024
0.00014912,0,0.91088585,68.255109698835,0,0.91073673,0.06062997,500.0,2.5844,0.0,20,0.0001491216143614249,0.0,1292.2,2.6788200088845087,0.05993419889039586
0.00014609,0,0.91103194,42.49364658393064,0,0.91088585,0.06039108,500.0,2.6786,0.0,20,0.0001460897644633974,0.0,1339.3,2.742243978934041,0.06003166663998627
0.00025448,0,0.91128642,72.20637091005197,0,0.91103194,0.06016803,500.0,2.5744,0.0,20,0.00025447767299136004,0.0,1287.2,2.662567302435752,0.0562512669234323
0.00025711,0,0.91154353,60.776557980853106,0,0.91128642,0.05992995,500.0,2.6318,0.0,20,0.0002571120307308661,0.0,1315.9,2.713748101795743,0.06025775496215857
0.00034645,0,0.91188998,61.43052986911313,0,0.91154353,0.05970355,500.0,2.6246,0.0,20,0.00034644664496485955,0.0,1312.3,2.7145303166477985,0.05751139904837288
0.0003546,0,0.91224458,98.62230984924253,0,0.91188998,0.05949695,500.0,2.6924,0.0,20,0.0003546017885206476,0.0,1346.2,2.757640701759386,0.05265799102040347
0.00021201,0,0.91245658,60.1593716722507,0,0.91224458,0.05923959,500.0,2.567,0.0,20,0.0002120061551880159,0.0,1283.5,2.664828512306186,0.0658384599784867
0.00018944,0,0.91264602,74.49429508358341,0,0.91245658,0.05898825,500.0,2.626,0.0,20,0.00018943944411220492,0.0,1313.0,2.702762290694466,0.06455579994321425
0.00022704,0,0.91287306,74.76523256166598,0,0.91264602,0.05872282,500.0,2.5888,0.0,20,0.00022703863147344183,0.0,1294.4,2.698539338234668,0.06845621909985056
0.00024278,0,0.91311584,63.5203904270117,0,0.91287306,0.05845695,500.0,2.6428,0.0,20,0.00024278149897816181,0.0,1321.4,2.7312283243991153,0.06885974263627048
0.00024514,0,0.91336098,60.97696286303542,0,0.91311584,0.05819761,500.0,2.6202,0.0,20,0.00024513994205876966,0.0,1310.1,2.7056518549140796,0.06745311337103743
0.00011312,0,0.91347411,82.4077666242691,0,0.91336098,0.05792199,500.0,2.6608,0.0,20,0.00011312308954192218,0.0,1330.4,2.7344,0.07199574535526665
0.00015349,0,0.91362759,65.0116143469765,0,0.91347411,0.05769889,500.0,2.6846,0.0,20,0.00015348810530346757,0.0,1342.3,2.75516294254986,0.0585144384265206
0.00021432,0,0.91384191,61.720337004912736,0,0.91362759,0.05748343,500.0,2.658,0.0,20,0.00021431605965671618,0.0,1329.0,2.7387289022464416,0.05671229137870881
0.00012175,0,0.91396366,82.14718497915798,0,0.91384191,0.05726632,500.0,2.6616,0.0,20,0.00012174628722372294,0.0,1330.8,2.7327432078407954,0.05734895927350436
0.0001219,0,0.91408556,46.02216857124401,0,0.91396366,0.05704396,500.0,2.6412,0.0,20,0.00012190185940130771,0.0,1320.6,2.7169215226060546,0.05894490335590774
4.99616339e-05,0,0.91413552,54.030639455775464,0,0.91408556,0.05679489,500.0,2.6514,0.0,20,4.996163391302044e-05,0.0,1325.7,2.734826875690671,0.06628571963692309
2.01376843e-05,0,0.91415566,49.781924430459696,0,0.91413552,0.05653423,500.0,2.6192,0.0,20,2.013768427655549e-05,0.0,1309.6,2.709204931340558,0.06966375013890058
2.37753902e-05,0,0.91417943,88.41148115488168,0,0.91415566,0.05626928,500.0,2.6662,0.0,20,2.377539018172392e-05,0.0,1333.1,2.7296478820536545,0.07111950653788313
-1.3047069e-05,0,0.91416639,64.62661990232817,0,0.91417943,0.0559738,500.0,2.666,0.0,20,1.3047068999516576e-05,0.0,1333.0,2.740883799069198,0.07968482399701315
-7.47609854e-05,0,0.91409163,72.58897987986882,0,0.91416639,0.05570962,500.0,2.6516,0.0,20,7.476098539005438e-05,0.0,1325.8,2.740842469022983,0.07158275779353573
-4.58339294e-05,0,0.91404579,71.86821272301128,0,0.91409163,0.05545937,500.0,2.6152,0.0,20,4.583392939228048e-05,0.0,1307.6,2.7104112160334637,0.0681003385871719
-1.11689314e-05,0,0.91403462,60.93931407556209,0,0.91404579,0.05522904,500.0,2.684,0.0,20,1.1168931400518112e-05,0.0,1342.0,2.75552971314047,0.0629385827654545
2.0950802e-05,0,0.91405557,65.81306861102891,0,0.91403462,0.05501464,500.0,2.6464,0.0,20,2.0950801984609413e-05,0.0,1323.2,2.73023204874604,0.05880589727705399
-1.93618649e-05,0,0.91403621,57.26945084423283,0,0.91405557,0.05482285,500.0,2.6182,0.0,20,1.9361864873390644e-05,0.0,1309.1,2.718350374767756,0.052789197433035895
-5.71591916e-05,0,0.91397905,65.89051525067929,0,0.91403621,0.05461249,500.0,2.6724,0.0,20,5.7159191645062e-05,0.0,1336.2,2.7480680923150356,0.05809995965422132
-5.11731944e-05,0,0.91392788,74.30820950608351,0,0.91397905,0.05439179,500.0,2.6034,0.0,20,5.1173194431264335e-05,0.0,1301.7,2.696425122268371,0.061182589981797264
9.82913923e-06,0,0.91393771,70.49255279815024,0,0.91392788,0.05416701,500.0,2.716,0.0,20,9.82913923364137e-06,0.0,1358.0,2.7901512503805237,0.06255593836830542
-2.6433145e-05,0,0.91391128,51.02117207591374,0,0.91393771,0.05392397,500.0,2.6724,0.0,20,2.6433144980742007e-05,0.0,1336.2,2.748359190498942,0.06791106619755993
0.00010707,0,0.91401835,67.62684378262821,0,0.91391128,0.0536848,500.0,2.6358,0.0,20,0.00010707344735039204,0.0,1317.9,2.72047024611555,0.06711496754373059
8.51068684e-05,0,0.91410346,53.95729793086381,0,0.91401835,0.05341692,500.0,2.6262,0.0,20,8.510686836482595e-05,0.0,1313.1,2.718873582938346,0.07550429597905861
6.0553712e-06,0,0.91410951,56.70414446934192,0,0.91410346,0.05315997,500.0,2.6784,0.0,20,6.055371204127802e-06,0.0,1339.2,2.753429396225732,0.07276193191884062
7.1493443e-05,0,0.914181,71.80048746352631,0,0.91410951,0.05288047,500.0,2.6866,0.0,20,7.149344300305671e-05,0.0,1343.3,2.7637981908959994,0.0795260996830578
-2.58541182e-07,0,0.91418075,57.06873049227572,0,0.914181,0.05260729,500.0,2.6588,0.0,20,2.5854118235191237e-07,0.0,1329.4,2.7417480847080027,0.07811072793655427
9.22287637e-07,0,0.91418167,63.58702697877925,0,0.91418075,0.05238097,500.0,2.6874,0.0,20,9.222876367065425e-07,0.0,1343.7,2.745301666484031,0.06500161006597693
7.15394261e-06,0,0.91418882,54.49210952055352,0,0.91418167,0.05216757,500.0,2.6682,0.0,20,7.153942613191688e-06,0.0,1334.1,2.745670912545784,0.061537328384382306
3.99264727e-05,0,0.91422875,73.60597801809307,0,0.91418882,0.05193638,500.0,2.6632,0.0,20,3.992647273698413e-05,0.0,1331.6,2.7285464555326886,0.06693277663332253
5.0724812e-05,0,0.91427947,73.20184423906272,0,0.91422875,0.05168718,500.0,2.6174,0.0,20,5.0724811973879014e-05,0.0,1308.7,2.7223550907256757,0.07246661418641054
7.23289969e-05,0,0.9143518,77.30012936599783,0,0.91427947,0.05146204,500.0,2.6546,0.0,20,7.232899691633765e-05,0.0,1327.3,2.7355253316319335,0.06575247349373115
6.88031664e-05,0,0.91442061,83.9053633565817,0,0.9143518,0.05123202,500.0,2.7186,0.0,20,6.880316640545114e-05,0.0,1359.3,2.789697840268727,0.0674597590717596
0.00011947,0,0.91454007,62.560690533273366,0,0.91442061,0.05105147,500.0,2.6768,0.0,20,0.00011946775934446041,0.0,1338.4,2.754404066218317,0.05315192384867373
8.46037697e-05,0,0.91462468,80.30666223919408,0,0.91454007,0.05086309,500.0,2.6604,0.0,20,8.460376966723526e-05,0.0,1330.2,2.734935436166638,0.05564679537150141
0.00014787,0,0.91477254,90.78017404698011,0,0.91462468,0.05066367,500.0,2.6888,0.0,20,0.0001478653772281069,0.0,1344.4,2.7607163128434618,0.05912136348457864
0.00012456,0,0.9148971,69.91215917134872,0,0.91477254,0.05046119,500.0,2.6774,0.0,20,0.00012456049534947944,0.0,1338.7,2.7438529916888768,0.060256612224499406
0.00013797,0,0.91503508,75.07989078308518,0,0.9148971,0.05027576,500.0,2.7318,0.0,20,0.0001379722954319984,0.0,1365.9,2.7815227412336574,0.0553801173257682
0.00017918,0,0.91521425,106.12992038063537,0,0.91503508,0.05006915,500.0,2.6484,0.0,20,0.00017917822521529292,0.0,1324.2,2.7345890806481328,0.06193736335173128
7.96475099e-05,0,0.9152939,78.91286333672096,0,0.91521425,0.04990228,500.0,2.6468,0.0,20,7.964750991296121e-05,0.0,1323.4,2.734675439608876,0.05020018576328056
0.00011972,0,0.91541363,50.08103433436654,0,0.9152939,0.04973449,500.0,2.6766,0.0,20,0.00011972441817953428,0.0,1338.3,2.748711050656289,0.0506377061853982
0.00015281,0,0.91556644,76.69263328377765,0,0.91541363,0.04955655,500.0,2.6736,0.0,20,0.00015281127752531098,0.0,1336.8,2.7522832412380818,0.05387561816409203
0.00023139,0,0.91579782,70.50219854727936,0,0.91556644,0.04938395,500.0,2.5976,0.0,20,0.00023138761529484242,0.0,1298.8,2.6805361851689304,0.05243721860665573
0.00023594,0,0.91603377,81.25047692167722,0,0.91579782,0.04918584,500.0,2.6532,0.0,20,0.00023594177449670628,0.0,1326.6,2.737248574755314,0.0604029277730902
0.00023576,0,0.91626952,70.65521919858433,0,0.91603377,0.04897747,500.0,2.6616,0.0,20,0.00023575643772733024,0.0,1330.8,2.741803318985518,0.06377775299596067
0.0002328,0,0.91650232,88.84278248681771,0,0.91626952,0.04876448,500.0,2.6288,0.0,20,0.00023280164107220003,0.0,1314.4,2.705810518125761,0.06545928677014246
0.00013262,0,0.91663495,73.14171176558558,0,0.91650232,0.04856459,500.0,2.6766,0.0,20,0.0001326212404381133,0.0,1338.3,2.7510384293935264,0.061681108220021486
7.84094526e-05,0,0.91671335,85.00611742692404,0,0.91663495,0.04834607,500.0,2.6812,0.0,20,7.840945263304366e-05,0.0,1340.6,2.739190858629606,0.0677044555319739
8.16825198e-05,0,0.91679504,54.51779525989656,0,0.91671335,0.04812809,500.0,2.7078,0.0,20,8.168251975626539e-05,0.0,1353.9,2.790594768145314,0.06782710262690017
0.00010521,0,0.91690025,75.97210014209163,0,0.91679504,0.04791547,500.0,2.6384,0.0,20,0.00010521220239745332,0.0,1319.2,2.7171392014396316,0.06644237303415679
0.00014497,0,0.91704522,76.29488842642081,0,0.91690025,0.04772667,500.0,2.6974,0.0,20,0.00014496821225407075,0.0,1348.7,2.7621066670206638,0.05923400471736784
0.00015646,0,0.91720167,50.962339035801726,0,0.91704522,0.04751132,500.0,2.6796,0.0,20,0.00015645513244066933,0.0,1339.8,2.7544407490450755,0.06783512991254526
0.00010513,0,0.9173068,73.81131349596754,0,0.91720167,0.04729942,500.0,2.6694,0.0,20,0.00010512665495887585,0.0,1334.7,2.7484365810402105,0.06703356397549243
0.00020242,0,0.91750921,56.471231613982,0,0.9173068,0.04709669,500.0,2.706,0.0,20,0.00020241514774288483,0.0,1353.0,2.7790581138220194,0.06440222768205217
0.00021097,0,0.91772018,68.85375806737058,0,0.91750921,0.04688002,500.0,2.6628,0.0,20,0.00021096877582171825,0.0,1331.4,2.7416593807400655,0.06912180378611055
0.00012884,0,0.91784903,91.99451070580245,0,0.91772018,0.04666786,500.0,2.7062,0.0,20,0.0001288435704950297,0.0,1353.1,2.7803743560894816,0.06797766877604516
2.06841221e-05,0,0.91786971,60.106239276800544,0,0.91784903,0.04645921,500.0,2.6684,0.0,20,2.068412210043391e-05,0.0,1334.2,2.7303555519382456,0.06713920449942634
1.53349766e-05,0,0.91788505,82.37687782381656,0,0.91786971,0.04623746,500.0,2.663,0.0,20,1.53349766420785e-05,0.0,1331.5,2.742996718918927,0.07167132239047191
7.91631347e-05,0,0.91796421,58.9673638549325,0,0.91788505,0.0460404,500.0,2.719,0.0,20,7.916313471501013e-05,0.0,1359.5,2.7799710430146574,0.0639662790694615
9.20493734e-05,0,0.91805626,75.45886296519448,0,0.91796421,0.04583781,500.0,2.6732,0.0,20,9.204937341944497e-05,0.0,1336.6,2.750782026987962,0.06603368920186625
6.85657696e-05,0,0.91812482,51.500970864635164,0,0.91805626,0.04563559,500.0,2.657,0.0,20,6.85657695902453e-05,0.0,1328.5,2.7390419858045254,0.06618938845327449
6.31398709e-05,0,0.91818796,71.78439941937245,0,0.91812482,0.04543789,500.0,2.694,0.0,20,6.31398708954567e-05,0.0,1347.0,2.7641931915117657,0.06498246625941562
6.78886393e-05,0,0.91825585,70.8555572979283,0,0.91818796,0.04524481,500.0,2.6866,0.0,20,6.788863929196864e-05,0.0,1343.3,2.7629296842301287,0.0637218845885883
6.7545914e-06,0,0.91826261,65.90629711947106,0,0.91825585,0.04505026,500.0,2.6828,0.0,20,6.754591395319309e-06,0.0,1341.4,2.7623512014224403,0.06446958901776156
3.07601417e-05,0,0.91829337,71.16712724284999,0,0.91826261,0.04487136,500.0,2.7036,0.0,20,3.076014174285824e-05,0.0,1351.8,2.7692863773903915,0.05952027084526179
9.17789639e-05,0,0.91838515,80.98215852890067,0,0.91829337,0.04469666,500.0,2.6954,0.0,20,9.177896387857487e-05,0.0,1347.7,2.765360526224384,0.058340163983331195
0.00011164,0,0.91849679,83.53921234965051,0,0.91838515,0.04453907,500.0,2.688,0.0,20,0.00011164322796985982,0.0,1344.0,2.759466615126916,0.052814630417707065
8.50827938e-05,0,0.91858187,75.77466595109476,0,0.91849679,0.04436337,500.0,2.71,0.0,20,8.50827937786125e-05,0.0,1355.0,2.7823551175218446,0.05909276060368285
9.40984607e-05,0,0.91867597,68.45808936860567,0,0.91858187,0.04416919,500.0,2.6754,0.0,20,9.409846070285166e-05,0.0,1337.7,2.7633738147416826,0.06556730459214322
0.00018912,0,0.91886509,67.20796083798407,0,0.91867597,0.04399211,500.0,2.7306,0.0,20,0.00018911570088020468,0.0,1365.3,2.797181374169362,0.060037962793579425
0.0002899,0,0.91915498,66.51195381282976,0,0.91886509,0.04380651,500.0,2.7408,0.0,20,0.000289898163679303,0.0,1370.4,2.785967580572322,0.06317119978336905
0.00028689,0,0.91944187,65.57164021129867,0,0.91915498,0.04361753,500.0,2.6668,0.0,20,0.0002868869895529258,0.0,1333.4,2.7500141381454752,0.06458283609089932
0.00027668,0,0.91971856,66.79251455065904,0,0.91944187,0.04342987,500.0,2.7332,0.0,20,0.0002766834471668034,0.0,1366.6,2.7967155307610394,0.06439772333838079
0.00024102,0,0.91995958,78.9209097768139,0,0.91971856,0.04323443,500.0,2.6946,0.0,20,0.00024102492616961957,0.0,1347.3,2.771629636152709,0.06735224368514281
0.0002252,0,0.92018478,75.21701935067621,0,0.91995958,0.04304222,500.0,2.668,0.0,20,0.00022520216144450433,0.0,1334.0,2.73879097413439,0.06652340911848853
0.00021855,0,0.92040334,80.32708136114495,0,0.92018478,0.04284161,500.0,2.6932,0.0,20,0.00021855415631177877,0.0,1346.6,2.7716193389424895,0.06973206798436138
0.00020445,0,0.92060778,61.90080774917239,0,0.92040334,0.04265649,500.0,2.7006,0.0,20,0.00020444739842584436,0.0,1350.3,2.7737266700235628,0.06462378199510965
0.00022349,0,0.92083127,83.33570663287136,0,0.92060778,0.04246514,500.0,2.6812,0.0,20,0.00022349099964980024,0.0,1340.6,2.7630357507640033,0.06708276365969823
0.00026993,0,0.9211012,81.49748462376002,0,0.92083127,0.04229721,500.0,2.6832,0.0,20,0.00026992952885041,0.0,1341.6,2.7603691347354253,0.05910962799645603
0.00028625,0,0.92138745,74.05099594198582,0,0.9211012,0.042122,500.0,2.697,0.0,20,0.0002862466142070641,0.0,1348.5,2.7684275320116294,0.06191520608150114
0.0002314,0,0.92161885,70.19366068242915,0,0.92138745,0.04195416,500.0,2.669,0.0,20,0.00023139668206539898,0.0,1334.5,2.7454760971459935,0.05953887434388605
0.00012628,0,0.92174513,77.0700330867971,0,0.92161885,0.04178315,500.0,2.6518,0.0,20,0.00012628366774192212,0.0,1325.9,2.7395541170051745,0.06090039544526604
0.00010072,0,0.92184585,70.13836325435602,0,0.92174513,0.04163798,500.0,2.6918,0.0,20,0.00010071985619608537,0.0,1345.9,2.7565581365173486,0.05188147941525756
0.00010851,0,0.92195436,74.51409262683134,0,0.92184585,0.04149761,500.0,2.687,0.0,20,0.00010851349710638836,0.0,1343.5,2.7548558945977555,0.05033630910102005
0.00018503,0,0.92213939,75.50470184034899,0,0.92195436,0.04134636,500.0,2.6704,0.0,20,0.00018502857976432363,0.0,1335.2,2.7579999709934735,0.05441626540012834
0.00013001,0,0.9222694,70.69964639232646,0,0.92213939,0.04119545,500.0,2.7012,0.0,20,0.00013001006216262212,0.0,1350.6,2.767872569321066,0.054486136050535094
6.79934515e-05,0,0.9223374,50.360599678717094,0,0.9222694,0.04105208,500.0,2.6942,0.0,20,6.79934514628e-05,0.0,1347.1,2.777640430293309,0.05193889612973379
7.10425415e-05,0,0.92240844,65.4097852006869,0,0.9223374,0.04088345,500.0,2.6612,0.0,20,7.104254150058775e-05,0.0,1330.6,2.747583403647649,0.061315024668182616
2.08593791e-05,0,0.9224293,59.63715284954506,0,0.92240844,0.04071747,500.0,2.6358,0.0,20,2.0859379061710648e-05,0.0,1317.9,2.7142878181946735,0.06058626367708797
-3.23005861e-05,0,0.922397,64.17663126091928,0,0.9224293,0.04053722,500.0,2.7288,0.0,20,3.2300586053302105e-05,0.0,1364.4,2.8022938032975775,0.0660678679077904
8.71064974e-05,0,0.9224841,102.47238652437055,0,0.922397,0.04035413,500.0,2.6798,0.0,20,8.710649741328069e-05,0.0,1339.9,2.7699588372392827,0.06739460803821373
7.97708905e-05,0,0.92256388,62.34059672476676,0,0.9224841,0.04017424,500.0,2.705,0.0,20,7.977089053867736e-05,0.0,1352.5,2.789153097268058,0.06650077470105487
6.29080562e-05,0,0.92262678,87.37253573062875,0,0.92256388,0.03999053,500.0,2.7196,0.0,20,6.29080561563855e-05,0.0,1359.8,2.7882209094689756,0.06821120278032566
0.00013126,0,0.92275804,92.96337988692106,0,0.92262678,0.03979722,500.0,2.7238,0.0,20,0.0001312592072298946,0.0,1361.9,2.792223766104715,0.07210012651879083
6.80321815e-05,0,0.92282608,52.61739256177562,0,0.92275804,0.0396091,500.0,2.7438,0.0,20,6.803218150608359e-05,0.0,1371.9,2.801564127411686,0.07048710665779367
8.22998153e-05,0,0.92290837,61.00655702463466,0,0.92282608,0.03944171,500.0,2.746,0.0,20,8.229981534668696e-05,0.0,1373.0,2.8073268423893927,0.0629897407672999
0.00010014,0,0.92300852,60.07661774767284,0,0.92290837,0.03928315,500.0,2.696,0.0,20,0.00010014049184492446,0.0,1348.0,2.7673062714488257,0.05990160640216402
0.00013596,0,0.92314448,63.74284273547894,0,0.92300852,0.03914201,500.0,2.717,0.0,20,0.00013596067632493103,0.0,1358.5,2.792975295272051,0.053518799610472456
6.49052813e-05,0,0.92320938,88.5966139307818,0,0.92314448,0.03901552,500.0,2.6696,0.0,20,6.490528128810791e-05,0.0,1334.8,2.758774336548751,0.04811872454998678
5.20868216e-05,0,0.92326147,65.6410694611232,0,0.92320938,0.03890461,500.0,2.729,0.0,20,5.2086821601404765e-05,0.0,1364.5,2.8013137989165013,0.0423172589249603
2.95882373e-05,0,0.92329106,91.69274780482915,0,0.92326147,0.03878326,500.0,2.7084,0.0,20,2.958823732168714e-05,0.0,1354.2,2.789367211394011,0.04643539586340495
-7.54472863e-05,0,0.92321561,73.07968253899301,0,0.92329106,0.03866637,500.0,2.7152,0.0,20,7.544728630670683e-05,0.0,1357.6,2.7843291759416666,0.044858298078331416
-2.0409397e-05,0,0.9231952,79.16034360713702,0,0.92321561,0.03855543,500.0,2.6964,0.0,20,2.0409397006537766e-05,0.0,1348.2,2.762720948630172,0.042693653653948616
3.34210343e-05,0,0.92322862,80.30965072766784,0,0.9231952,0.03846527,500.0,2.7252,0.0,20,3.342103433512378e-05,0.0,1362.6,2.8016575379585564,0.03478447438144627
9.18568619e-05,0,0.92332048,65.4097852006869,0,0.92322862,0.03832802,500.0,2.6572,0.0,20,9.18568619239224e-05,0.0,1328.6,2.7459220964914497,0.053104063376295585
0.00015374,0,0.92347421,71.94129551238288,0,0.92332048,0.03820621,500.0,2.641,0.0,20,0.00015373515384842218,0.0,1320.5,2.726741461891831,0.047283515540250676
0.00015365,0,0.92362786,80.69764556664587,0,0.92347421,0.03807248,500.0,2.7166,0.0,20,0.00015365030959857418,0.0,1358.3,2.794080249384402,0.05207701981772317
0.00010727,0,0.92373513,67.09813708293248,0,0.92362786,0.03793129,500.0,2.7216,0.0,20,0.00010726641999414532,0.0,1360.8,2.78784745637203,0.055171930135976766
0.00014013,0,0.92387526,64.34625086203548,0,0.92373513,0.03780613,500.0,2.6828,0.0,20,0.00014013128204837244,0.0,1341.4,2.7536492441848868,0.04907529224210805
0.00014166,0,0.92401692,57.91027542673234,0,0.92387526,0.03767254,500.0,2.716,0.0,20,0.00014165563697188244,0.0,1358.0,2.7947350500539403,0.05255227199680945
0.00010732,0,0.92412423,57.93479092911271,0,0.92401692,0.03754282,500.0,2.6852,0.0,20,0.00010731650233053447,0.0,1342.6,2.7715881656552077,0.05119994704806885
0.00017847,0,0.92430271,58.04446571379567,0,0.92412423,0.03739899,500.0,2.6676,0.0,20,0.00017847412813387642,0.0,1333.8,2.748073914580901,0.05697107954783576
0.00019581,0,0.92449851,75.06070876297399,0,0.92430271,0.03727205,500.0,2.7534,0.0,20,0.0001958052136806776,0.0,1376.7,2.8112610053141633,0.05045588489343089
0.00017504,0,0.92467356,66.43613474608529,0,0.92449851,0.03715176,500.0,2.7184,0.0,20,0.00017504333857165655,0.0,1359.2,2.800982227719412,0.047963989074510494
0.00014913,0,0.92482268,74.79913101099504,0,0.92467356,0.03704071,500.0,2.6646,0.0,20,0.00014912725880589228,0.0,1332.3,2.7466901609027548,0.044411088917151176
0.00016736,0,0.92499004,71.5580882919604,0,0.92482268,0.03695232,500.0,2.6744,0.0,20,0.0001673556369669038,0.0,1337.2,2.76137368713472,0.03544259261077087
0.00019075,0,0.92518078,85.27948170574209,0,0.92499004,0.0368441,500.0,2.7742,0.0,20,0.00019074565267218624,0.0,1387.1,2.8269089762495008,0.04350584801283475
0.00016601,0,0.9253468,65.50809110331333,0,0.92518078,0.036727,500.0,2.7526,0.0,20,0.00016601449318631722,0.0,1376.3,2.8219839191604197,0.04721128698449917
0.00023696,0,0.92558376,62.78503006290592,0,0.9253468,0.03662288,500.0,2.6396,0.0,20,0.0002369611907809821,0.0,1319.8,2.7187702808438967,0.042101846638367135
0.00019764,0,0.9257814,66.94258734169154,0,0.92558376,0.03651554,500.0,2.7414,0.0,20,0.00019763697005181768,0.0,1370.7,2.8172905494464007,0.04352369781909715
0.00018396,0,0.92596535,91.8256500113122,0,0.9257814,0.03641508,500.0,2.737,0.0,20,0.0001839566994801256,0.0,1368.5,2.797790378137719,0.040844515394255154
0.00018841,0,0.92615376,74.24930976110149,0,0.92596535,0.03632071,500.0,2.6984,0.0,20,0.00018840533576924834,0.0,1349.2,2.7724785734068353,0.03846833683472539
0.00010769,0,0.92626145,69.88104177815326,0,0.92615376,0.03619188,500.0,2.7136,0.0,20,0.00010769432255752776,0.0,1356.8,2.77985162193956,0.05267082335292628
9.68861319e-06,0,0.92627114,38.568769749630334,0,0.92626145,0.03605671,500.0,2.685,0.0,20,9.688613193614692e-06,0.0,1342.5,2.7578206975798842,0.05546134065981079
4.76247692e-05,0,0.92631877,63.10713113428625,0,0.92627114,0.03591315,500.0,2.6794,0.0,20,4.762476919484282e-05,0.0,1339.7,2.757175300919403,0.05911661652469036
5.77828437e-05,0,0.92637655,66.02151164582646,0,0.92631877,0.0357437,500.0,2.7412,0.0,20,5.778284370716591e-05,0.0,1370.6,2.7931742802768325,0.0700751237471664
4.57405857e-05,0,0.92642229,57.806920000982586,0,0.92637655,0.03556941,500.0,2.7092,0.0,20,4.57405857356985e-05,0.0,1354.6,2.7701688323999316,0.0724129801304727
2.74026004e-05,0,0.92644969,67.03461792238394,0,0.92642229,0.03538549,500.0,2.7388,0.0,20,2.740260038769371e-05,0.0,1369.4,2.798387850173739,0.0767810209251607
2.64133901e-05,0,0.92647611,95.82123981665025,0,0.92644969,0.03521551,500.0,2.7326,0.0,20,2.6413390132207226e-05,0.0,1366.3,2.798516971540462,0.07130933005855411
6.32267976e-05,0,0.92653933,95.12281534942078,0,0.92647611,0.03504372,500.0,2.777,0.0,20,6.322679760129013e-05,0.0,1388.5,2.8245833321040466,0.07240020315236251
0.00012321,0,0.92666255,68.01058741107887,0,0.92653933,0.03489241,500.0,2.6928,0.0,20,0.0001232149877025135,0.0,1346.4,2.77993312149771,0.06405818996594803
0.00015136,0,0.9268139,59.06428701000292,0,0.92666255,0.03473658,500.0,2.6718,0.0,20,0.00015135649534836482,0.0,1335.9,2.7701777488096315,0.06624884819025567
0.00010372,0,0.92691763,98.22112807334275,0,0.9268139,0.03455972,500.0,2.7142,0.0,20,0.00010372404161984594,0.0,1357.1,2.792117182354638,0.07553557568139979
0.00018094,0,0.92709857,79.84960864024319,0,0.92691763,0.03436301,500.0,2.7484,0.0,20,0.00018094461908546577,0.0,1374.2,2.806117859249679,0.08445576075527583
0.00015965,0,0.92725822,66.9216706306709,0,0.92709857,0.03416269,500.0,2.7374,0.0,20,0.00015965108627225,0.0,1368.7,2.7998287876225576,0.08648806426525368
0.00014549,0,0.92740372,90.1722795541956,0,0.92725822,0.0339869,500.0,2.7312,0.0,20,0.00014549162724153408,0.0,1365.6,2.8002404468188087,0.0762964997716935
0.00013247,0,0.92753619,72.29626546371534,0,0.92740372,0.03384024,500.0,2.785,0.0,20,0.0001324743858149846,0.0,1392.5,2.840171649742318,0.06394744564153143
7.24502427e-05,0,0.92760864,68.0895733574532,0,0.92753619,0.03370632,500.0,2.7322,0.0,20,7.245024269053602e-05,0.0,1366.1,2.8016215233325146,0.058627092655747504
8.35504852e-05,0,0.92769219,56.45918880040698,0,0.92760864,0.03360003,500.0,2.7052,0.0,20,8.355048523622788e-05,0.0,1352.6,2.791897734516793,0.046692073497794695
0.0001327,0,0.92782489,67.75684467269708,0,0.92769219,0.03351763,500.0,2.7098,0.0,20,0.00013270356397709904,0.0,1354.9,2.789082996255221,0.03629414555122423
0.00010676,0,0.92793165,70.9805607191152,0,0.92782489,0.03341676,500.0,2.6888,0.0,20,0.00010675830135709052,0.0,1344.4,2.7826524324823607,0.04455069145942048
4.84769818e-05,0,0.92798013,69.95562879425786,0,0.92793165,0.03331791,500.0,2.6822,0.0,20,4.847698176679849e-05,0.0,1341.1,2.76705676848163,0.043779611984639644
6.4513869e-05,0,0.92804464,82.55446686884967,0,0.92798013,0.0332296,500.0,2.7388,0.0,20,6.451386897021738e-05,0.0,1369.4,2.8157724623981966,0.03922260197520444
0.00013292,0,0.92817756,73.02191451886208,0,0.92804464,0.03312733,500.0,2.742,0.0,20,0.0001329156480880389,0.0,1371.0,2.7912427339806904,0.04554415930992661
0.00015052,0,0.92832808,67.84180127325631,0,0.92817756,0.03304216,500.0,2.7566,0.0,20,0.00015052100479617803,0.0,1378.3,2.8175089068182197,0.03803300062491388
0.00012138,0,0.92844946,75.2688514592856,0,0.92832808,0.03298197,500.0,2.686,0.0,20,0.0001213802769747252,0.0,1343.0,2.769368881171304,0.026938299051174397
0.00015843,0,0.92860789,74.54555654095017,0,0.92844946,0.03289525,500.0,2.7752,0.0,20,0.00015843435590101596,0.0,1387.6,2.82939303738452,0.0388905359160745
0.00010507,0,0.92871297,71.10351608746222,0,0.92860789,0.03283154,500.0,2.7246,0.0,20,0.00010507196257270035,0.0,1362.3,2.785705447458507,0.028635667371943896
0.00014647,0,0.92885943,71.85951572338907,0,0.92871297,0.03273899,500.0,2.6878,0.0,20,0.0001464661142260848,0.0,1343.9,2.7656701104795562,0.04169403867960142
0.00020063,0,0.92906007,91.56309300149269,0,0.92885943,0.03266531,500.0,2.754,0.0,20,0.00020063451665919274,0.0,1377.0,2.8066143304700772,0.03327409119454927
0.00027712,0,0.92933718,56.44501749490384,0,0.92906007,0.0325822,500.0,2.7412,0.0,20,0.0002771151862241972,0.0,1370.6,2.8077433216018877,0.03762119373801198
0.00027423,0,0.92961142,88.14822743538295,0,0.92933718,0.03250402,500.0,2.7546,0.0,20,0.0002742326683717877,0.0,1377.3,2.825558146632272,0.03547318872267624
0.00030316,0,0.92991457,72.24846019120409,0,0.92961142,0.03243484,500.0,2.6968,0.0,20,0.0003031577388463713,0.0,1348.4,2.7766292082307285,0.03145892567398079
0.00034955,0,0.93026412,57.468165100340556,0,0.92991457,0.03236254,500.0,2.7218,0.0,20,0.00034955198381758645,0.0,1360.9,2.7983217756362473,0.03294972758647674
0.00035226,0,0.93061638,67.26633630576293,0,0.93026412,0.03230348,500.0,2.7324,0.0,20,0.00035225606399902354,0.0,1366.2,2.7972111539889153,0.026964053744663374
0.00031249,0,0.93092887,90.81387559178388,0,0.93061638,0.03219789,500.0,2.7404,0.0,20,0.0003124879116586099,0.0,1370.2,2.8108019923146492,0.048330600496370835
0.00033672,0,0.93126558,65.69467253895098,0,0.93092887,0.0320794,500.0,2.7062,0.0,20,0.00033671508875676714,0.0,1353.1,2.773748647588674,0.054421419290221706
0.00030015,0,0.93156574,85.85592582926353,0,0.93126558,0.03197594,500.0,2.7628,0.0,20,0.00030015386780612996,0.0,1381.4,2.830924965448572,0.04767156540135886
0.00025731,0,0.93182305,74.2646618520545,0,0.93156574,0.03188057,500.0,2.7668,0.0,20,0.0002573087270549834,0.0,1383.4,2.8187972186732413,0.04408153943109028
0.00028123,0,0.93210427,86.5054911551862,0,0.93182305,0.0317762,500.0,2.692,0.0,20,0.0002812251596404636,0.0,1346.0,2.780707823558599,0.04838291941087647
0.00028882,0,0.93239309,70.18290390116384,0,0.93210427,0.03168936,500.0,2.7268,0.0,20,0.0002888165165558787,0.0,1363.4,2.801528468532847,0.04037614176189663
0.00016749,0,0.93256057,74.13629340613139,0,0.93239309,0.03160733,500.0,2.7022,0.0,20,0.00016748552530554406,0.0,1351.1,2.77793361331764,0.03823635220444288
0.00013363,0,0.93269421,61.11129191892444,0,0.93256057,0.03152574,500.0,2.7378,0.0,20,0.0001336332261908657,0.0,1368.9,2.7998662753781653,0.03812782304766671
0.00015008,0,0.93284429,79.25623003903226,0,0.93269421,0.03141926,500.0,2.725,0.0,20,0.00015008117954418143,0.0,1362.5,2.801780683779514,0.04990352130637632
0.00018585,0,0.93303014,60.755575875799245,0,0.93284429,0.03132124,500.0,2.7972,0.0,20,0.0001858544103677806,0.0,1398.6,2.839519705865765,0.046085466496812444
0.00020884,0,0.93323899,82.79728256410351,0,0.93303014,0.03120795,500.0,2.7102,0.0,20,0.0002088431510955946,0.0,1355.1,2.7962861012421456,0.053434440438671515
0.00026473,0,0.93350371,72.30013831245415,0,0.93323899,0.03109572,500.0,2.7826,0.0,20,0.0002647267660146335,0.0,1391.3,2.8382983000382462,0.053120872324463164
0.00027261,0,0.93377632,59.53780311701129,0,0.93350371,0.03097723,500.0,2.725,0.0,20,0.0002726058357237493,0.0,1362.5,2.7963502999445544,0.056288482561278386
0.00020331,0,0.93397963,53.13106435975097,0,0.93377632,0.03087588,500.0,2.7166,0.0,20,0.0002033147656105294,0.0,1358.3,2.7826038956344474,0.04830991882846547
0.00017256,0,0.9341522,61.34321478370693,0,0.93397963,0.03076877,500.0,2.7102,0.0,20,0.00017256394762710237,0.0,1355.1,2.780794123986887,0.05122291329126938
0.00017834,0,0.93433054,61.2420607099402,0,0.9341522,0.03067156,500.0,2.8038,0.0,20,0.000178339617012635,0.0,1401.9,2.8547338860216027,0.04663796638445916
0.00014209,0,0.93447263,79.31172674957973,0,0.93433054,0.030554,500.0,2.731,0.0,20,0.0001420945800393314,0.0,1365.5,2.7952171650875353,0.056590373952090545
0.00011194,0,0.93458457,50.76563798476288,0,0.93447263,0.0304458,500.0,2.755,0.0,20,0.00011194368344702443,0.0,1377.5,2.816518240665237,0.052275517627684565
0.00010155,0,0.93468613,58.46323631137777,0,0.93458457,0.03034969,500.0,2.729,0.0,20,0.00010155376295906127,0.0,1364.5,2.7955963585610855,0.04658302457039554
7.50192777e-05,0,0.93476115,58.31089092099348,0,0.93468613,0.03027703,500.0,2.7576,0.0,20,7.501927768538419e-05,0.0,1378.8,2.819156299320774,0.03531612680021112
7.40969052e-05,0,0.93483524,79.28026236081715,0,0.93476115,0.03019402,500.0,2.7384,0.0,20,7.409690522952594e-05,0.0,1369.2,2.8006366133434732,0.040439154303726355
7.4440555e-05,0,0.93490969,76.92717335246368,0,0.93483524,0.03011951,500.0,2.7778,0.0,20,7.44405549818472e-05,0.0,1388.9,2.840180832271072,0.03639524857332077
0.00012538,0,0.93503507,68.46860594462252,0,0.93490969,0.03004436,500.0,2.761,0.0,20,0.00012538176473364526,0.0,1380.5,2.823557861989019,0.03679633385211645
0.00017656,0,0.93521163,70.20505679792589,0,0.93503507,0.02994514,500.0,2.737,0.0,20,0.00017655813990424818,0.0,1368.5,2.797790378137719,0.048718363857986446
0.00020972,0,0.93542134,70.37641650439443,0,0.93521163,0.02985605,500.0,2.7548,0.0,20,0.00020971964286731204,0.0,1377.4,2.8231678944051484,0.043877885439172815
0.0001908,0,0.93561215,53.24697174487954,0,0.93542134,0.02976523,500.0,2.7428,0.0,20,0.0001908027070591789,0.0,1371.4,2.8064654211302873,0.0448593095639751
0.00020771,0,0.93581986,69.67603605257693,0,0.93561215,0.02967469,500.0,2.749,0.0,20,0.00020770999414854163,0.0,1374.5,2.8114407338587095,0.044852323430731644
0.00018369,0,0.93600355,54.40183820423718,0,0.93581986,0.02958093,500.0,2.7204,0.0,20,0.0001836874490319662,0.0,1360.2,2.799754246358062,0.046589041804033116
0.00014074,0,0.93614428,104.54970109952491,0,0.93600355,0.02948405,500.0,2.7328,0.0,20,0.00014073820671278714,0.0,1366.4,2.805245828800036,0.04828838092725363
0.00014143,0,0.93628571,64.97037786560888,0,0.93614428,0.02937518,500.0,2.699,0.0,20,0.00014143135474453672,0.0,1349.5,2.778452626913045,0.0544507604744453
0.00018848,0,0.93647419,80.73134459427763,0,0.93628571,0.02927908,500.0,2.747,0.0,20,0.00018847566960644713,0.0,1373.5,2.809838251572499,0.048226237877706524
0.00019362,0,0.93666781,69.40489896253722,0,0.93647419,0.02919647,500.0,2.6928,0.0,20,0.00019361667745676492,0.0,1346.4,2.7764776534306916,0.04158101176353313
0.00017365,0,0.93684145,73.39284706291207,0,0.93666781,0.02911014,500.0,2.8034,0.0,20,0.00017364588992474506,0.0,1401.7,2.8558271026096795,0.043573489761612905
0.00013126,0,0.93697271,72.60853944268538,0,0.93684145,0.02904424,500.0,2.776,0.0,20,0.00013125565103921932,0.0,1388.0,2.832564915407942,0.03334337774699492
0.00012811,0,0.93710082,67.86832840139795,0,0.93697271,0.02897051,500.0,2.7554,0.0,20,0.00012811498741660543,0.0,1377.7,2.8154166370184,0.037398804496938
0.00020084,0,0.93730167,82.32198977187079,0,0.93710082,0.02889541,500.0,2.7786,0.0,20,0.0002008443723315878,0.0,1389.3,2.834886600906639,0.03818361620785282
0.00021902,0,0.93752068,43.14846463085332,0,0.93730167,0.02883439,500.0,2.8062,0.0,20,0.00021901590539330495,0.0,1403.1,2.851252629985635,0.0310984647880872
0.00019741,0,0.9377181,68.63315525312821,0,0.93752068,0.02876562,500.0,2.7194,0.0,20,0.0001974130832169685,0.0,1359.7,2.7955077606760455,0.03512192756735999
0.00026048,0,0.93797858,83.75744743006439,0,0.9377181,0.02871881,500.0,2.6874,0.0,20,0.0002604833397491513,0.0,1343.7,2.773712537376575,0.023958268487696444
0.00023044,0,0.93820902,58.787413618903145,0,0.93797858,0.02868725,500.0,2.7604,0.0,20,0.00023044001150374083,0.0,1380.2,2.818828096922549,0.0161685774494984
0.00026037,0,0.93846939,58.961936874563406,0,0.93820902,0.02864271,500.0,2.7074,0.0,20,0.00026036626955772135,0.0,1353.7,2.7991400893845952,0.02285524281577267
0.00031828,0,0.93878767,76.76424949154391,0,0.93846939,0.02859835,500.0,2.805,0.0,20,0.00031827886039836883,0.0,1402.5,2.842740754975733,0.022791274720489696
0.00024859,0,0.93903626,56.928990857031714,0,0.93878767,0.02855788,500.0,2.6966,0.0,20,0.0002485946645658377,0.0,1348.3,2.771271989538378,0.020824045365252175
0.00028695,0,0.93932321,77.6273147803014,0,0.93903626,0.02852309,500.0,2.772,0.0,20,0.000286948780686358,0.0,1386.0,2.827439831366885,0.01792810428410263
0.00027953,0,0.93960274,85.36105669449037,0,0.93932321,0.02849669,500.0,2.7706,0.0,20,0.00027953240133860024,0.0,1385.3,2.834250454705794,0.013615879870300773
0.00028657,0,0.93988931,91.07332210916653,0,0.93960274,0.02845556,500.0,2.811,0.0,20,0.00028657105025275964,0.0,1405.5,2.8540986317925316,0.021240294611487798
0.00031589,0,0.9402052,66.75589861577777,0,0.93988931,0.02842001,500.0,2.761,0.0,20,0.00031589091297001826,0.0,1380.5,2.815045115091408,0.018379432420061903
0.00027899,0,0.94048419,72.63222425342624,0,0.9402052,0.02837242,500.0,2.7968,0.0,20,0.0002789904688945688,0.0,1398.4,2.848211677526795,0.02464029114970856
0.0002757,0,0.94075989,74.839561730411,0,0.94048419,0.02833284,500.0,2.7584,0.0,20,0.00027569547360672964,0.0,1379.2,2.8322481247235385,0.020524994895680493
0.00022131,0,0.9409812,62.431642618146775,0,0.94075989,0.02828631,500.0,2.6966,0.0,20,0.00022131454904317227,0.0,1348.3,2.78164491623212,0.024164806833290697
0.00017888,0,0.94116008,100.0597321603451,0,0.9409812,0.02823521,500.0,2.763,0.0,20,0.0001788775349588212,0.0,1381.5,2.828821486060935,0.026584372496301967
0.00013606,0,0.94129614,62.57307727769189,0,0.94116008,0.02816571,500.0,2.7882,0.0,20,0.0001360631445281868,0.0,1394.1,2.8305371857652744,0.036228030958227464
0.00012531,0,0.94142145,95.6763293610285,0,0.94129614,0.02809225,500.0,2.8076,0.0,20,0.00012530807743371675,0.0,1403.8,2.855132613382433,0.03838809070694538
8.42160849e-05,0,0.94150567,90.74888429066222,0,0.94142145,0.028021,500.0,2.7696,0.0,20,8.421608486552934e-05,0.0,1384.8,2.835721396752509,0.03732676957510961
0.00010364,0,0.94160931,71.64244551939862,0,0.94150567,0.0279447,500.0,2.7952,0.0,20,0.00010363763822462957,0.0,1397.6,2.847254284394002,0.04007401948737055
0.00010287,0,0.94171218,83.01536002451594,0,0.94160931,0.02786379,500.0,2.709,0.0,20,0.00010287105424255927,0.0,1354.5,2.782681979673567,0.04260712388863652
0.00014197,0,0.94185415,92.74799189200809,0,0.94171218,0.02779856,500.0,2.7162,0.0,20,0.0001419686368535622,0.0,1358.1,2.795470901297311,0.03444548424356242
0.00015975,0,0.9420139,72.9643063422109,0,0.94185415,0.02773922,500.0,2.7182,0.0,20,0.00015975080598684688,0.0,1359.1,2.785926912178423,0.031399711407892994
0.00017768,0,0.94219158,72.19529070514227,0,0.9420139,0.02768796,500.0,2.7896,0.0,20,0.00017768471881240977,0.0,1394.8,2.850496770740146,0.027171768179321987
0.00019396,0,0.94238555,85.25837202292806,0,0.94219158,0.02762329,500.0,2.7622,0.0,20,0.00019396391204529184,0.0,1381.1,2.8128724037894073,0.0343576701892232
0.00020386,0,0.94258941,85.92182493406433,0,0.94238555,0.02754506,500.0,2.7824,0.0,20,0.00020386494751412076,0.0,1391.2,2.8420855441031327,0.04166532167525361
0.00021463,0,0.94280404,94.5016401974061,0,0.94258941,0.02750485,500.0,2.7376,0.0,20,0.00021462716327380615,0.0,1368.8,2.8025606576843254,0.02145751291286757
0.0002008,0,0.94300484,92.18372958391302,0,0.94280404,0.02745148,500.0,2.7592,0.0,20,0.00020079951359763815,0.0,1379.6,2.815886247702488,0.028534057100529253
0.00018005,0,0.94318489,78.52235350522805,0,0.94300484,0.02742961,500.0,2.7536,0.0,20,0.0001800524768941214,0.0,1376.8,2.8207954622765543,0.01170554423524095
0.00018248,0,0.94336737,73.3828317796472,0,0.94318489,0.02739374,500.0,2.7768,0.0,20,0.00018247746707911183,0.0,1388.4,2.838552758008912,0.019222299496796325
0.00016106,0,0.94352842,76.73662749951941,0,0.94336737,0.0273397,500.0,2.7814,0.0,20,0.000161055984482128,0.0,1390.7,2.838206130639563,0.029001231731371035
0.00014059,0,0.94366901,72.47730679323011,0,0.94352842,0.02727799,500.0,2.7816,0.0,20,0.00014059195954807535,0.0,1390.8,2.8363888026855557,0.03318713209515778
8.39144892e-05,0,0.94375293,67.82182539566449,0,0.94366901,0.02720261,500.0,2.818,0.0,20,8.391448917555167e-05,0.0,1409.0,2.867276756785086,0.040642415689184475
0.00014452,0,0.94389745,74.40288972882706,0,0.94375293,0.02711825,500.0,2.8098,0.0,20,0.0001445213813027202,0.0,1404.9,2.850933875066204,0.04560896327704711
8.39787241e-05,0,0.94398143,68.53108783610544,0,0.94389745,0.02702,500.0,2.7406,0.0,20,8.39787240624057e-05,0.0,1370.3,2.8081153181448935,0.053291947289828556
0.00010964,0,0.94409107,62.10402563441439,0,0.94398143,0.02691774,500.0,2.7546,0.0,20,0.00010964156837789396,0.0,1377.3,2.830649897108436,0.05567230687454838
0.00012691,0,0.94421798,71.16206854778746,0,0.94409107,0.02683849,500.0,2.7708,0.0,20,0.00012691146323473568,0.0,1385.4,2.8250782927203986,0.04328355305219134
0.00013657,0,0.94435455,98.10382255549474,0,0.94421798,0.02676162,500.0,2.8676,0.0,20,0.00013656740888778884,0.0,1433.8,2.8980114285488936,0.04210164981147102
0.00015132,0,0.94450587,67.5966715156893,0,0.94435455,0.02668716,500.0,2.7746,0.0,20,0.00015131706234372544,0.0,1387.3,2.8306173955517195,0.04089649677720786
0.00019484,0,0.94470071,71.56388754113348,0,0.94450587,0.02659522,500.0,2.8078,0.0,20,0.00019484337520281336,0.0,1403.9,2.850799740423729,0.050653551514848516
0.00028929,0,0.94499,78.91077239515528,0,0.94470071,0.02649583,500.0,2.7954,0.0,20,0.0002892860703329614,0.0,1397.7,2.8476900884752188,0.05494647202733205
0.00022273,0,0.94521273,73.1105327569154,0,0.94499,0.02638283,500.0,2.789,0.0,20,0.00022273065925981772,0.0,1394.5,2.8387812525800578,0.06271316190803589
0.00022523,0,0.94543795,75.41883053985921,0,0.94521273,0.02627486,500.0,2.776,0.0,20,0.00022522709152972276,0.0,1388.0,2.8237960266279853,0.06016836962534455
0.00023477,0,0.94567272,66.45682809162652,0,0.94543795,0.02616909,500.0,2.8174,0.0,20,0.00023476767081265226,0.0,1408.7,2.8693304515165203,0.05917153632660899
0.00021846,0,0.94589118,66.88826503954186,0,0.94567272,0.02605489,500.0,2.7812,0.0,20,0.00021846208915143883,0.0,1390.6,2.8537916111727575,0.06415517552269989
0.00017212,0,0.94606331,64.91001463564771,0,0.94589118,0.02593389,500.0,2.8014,0.0,20,0.00017212191187421233,0.0,1400.7,2.858488768562857,0.06826987524124917
0.00015043,0,0.94621374,92.47113063005123,0,0.94606331,0.02584309,500.0,2.8474,0.0,20,0.00015043316081131408,0.0,1423.7,2.876649655415133,0.051437809688728464
0.00017621,0,0.94638995,74.33034373659252,0,0.94621374,0.02575445,500.0,2.83,0.0,20,0.00017621255249899992,0.0,1415.0,2.866060013328402,0.05038289394770601
0.00015073,0,0.94654068,59.162826166436645,0,0.94638995,0.02566886,500.0,2.7912,0.0,20,0.00015072805141080892,0.0,1395.6,2.8489300728519122,0.048813290393752595
0.00018804,0,0.94672871,53.16568442143861,0,0.94654068,0.02559222,500.0,2.8362,0.0,20,0.00018803513717469134,0.0,1418.1,2.8790917942990286,0.04384108135391784
0.00010478,0,0.94683349,88.13279752736774,0,0.94672871,0.02552517,500.0,2.7122,0.0,20,0.00010477567692079859,0.0,1356.1,2.78904484725506,0.03845533788867783
8.1068612e-05,0,0.94691456,56.67415636778372,0,0.94683349,0.02547321,500.0,2.7484,0.0,20,8.10686119960824e-05,0.0,1374.2,2.8220378168975695,0.029872862000182465
8.5533509e-05,0,0.94700009,83.43476493644602,0,0.94691456,0.02541139,500.0,2.7864,0.0,20,8.553350901752133e-05,0.0,1393.2,2.860345265872635,0.035616844151519444
5.59784369e-05,0,0.94705607,59.717585349710845,0,0.94700009,0.0253489,500.0,2.7082,0.0,20,5.597843694193916e-05,0.0,1354.1,2.778858175582194,0.036090356646361954
4.4478884e-05,0,0.94710055,55.97713819051488,0,0.94705607,0.0252888,500.0,2.7792,0.0,20,4.447888398484423e-05,0.0,1389.6,2.8541981991445513,0.03479276725278169
8.55486244e-05,0,0.9471861,69.83580743429549,0,0.94710055,0.02522585,500.0,2.7472,0.0,20,8.554862443255207e-05,0.0,1373.6,2.817107055118779,0.036526713724271076
0.00010413,0,0.94729023,61.17319674497975,0,0.9471861,0.02516129,500.0,2.8176,0.0,20,0.00010413233399308996,0.0,1408.8,2.86669325879139,0.03755321553224178
0.00013414,0,0.94742437,82.23892022637457,0,0.94729023,0.02511141,500.0,2.7612,0.0,20,0.0001341362997260287,0.0,1380.6,2.8228663730329138,0.029080889825422673
8.53375529e-05,0,0.9475097,80.94195451062447,0,0.94742437,0.02505028,500.0,2.8,0.0,20,8.533755285611289e-05,0.0,1400.0,2.8532087200203216,0.03571270615959321
5.70321814e-05,0,0.94756674,77.65893380674241,0,0.9475097,0.0249937,500.0,2.7794,0.0,20,5.703218140806765e-05,0.0,1389.7,2.8490236292456403,0.033136540365767075
0.00012099,0,0.94768773,70.1358681417718,0,0.94756674,0.0249367,500.0,2.7848,0.0,20,0.00012099265824339067,0.0,1392.4,2.8481729160990206,0.03344912270688383
0.00013095,0,0.94781868,62.38942218036644,0,0.94768773,0.02486658,500.0,2.7812,0.0,20,0.00013094875557884134,0.0,1390.6,2.8377678833900424,0.04125482443572537
0.00014065,0,0.94795933,82.34628103320757,0,0.94781868,0.02480123,500.0,2.8374,0.0,20,0.00014065417007957937,0.0,1418.7,2.8791598149460196,0.03855147096601996
0.00015218,0,0.94811151,77.02071150021922,0,0.94795933,0.02474129,500.0,2.8422,0.0,20,0.0001521820003513863,0.0,1421.1,2.883868783422713,0.03544330735476109
0.00019748,0,0.948309,82.94118397997464,0,0.94811151,0.02468336,500.0,2.7708,0.0,20,0.0001974847716481598,0.0,1385.4,2.8355365206605967,0.03433814824415293
0.00013545,0,0.94844445,89.52965988989348,0,0.948309,0.02465756,500.0,2.8116,0.0,20,0.0001354504388862976,0.0,1405.8,2.8654677523922687,0.015317604602991253
0.0001311,0,0.94857555,75.3150715328612,0,0.94844445,0.02461774,500.0,2.8324,0.0,20,0.0001310991233272052,0.0,1416.2,2.874840906902502,0.023672143999718287
0.00014171,0,0.94871726,73.65161233808801,0,0.94857555,0.02457196,500.0,2.8056,0.0,20,0.0001417111741462973,0.0,1402.8,2.86339110845864,0.02726199099285509
0.00013524,0,0.9488525,68.70371169012631,0,0.94871726,0.02450523,500.0,2.834,0.0,20,0.00013523725492470273,0.0,1417.0,2.8724282410532034,0.03982452272464343
0.00011823,0,0.94897073,61.548679920856145,0,0.9488525,0.02444673,500.0,2.7368,0.0,20,0.00011823022202106515,0.0,1368.4,2.812459023701501,0.03499855592782808
0.00013429,0,0.94910502,102.90267246286659,0,0.94897073,0.02435632,500.0,2.7984,0.0,20,0.00013429397149034017,0.0,1399.2,2.854217482953953,0.05425855470831209
8.94680137e-05,0,0.94919449,77.44488362700277,0,0.94910502,0.02427169,500.0,2.7754,0.0,20,8.946801368603374e-05,0.0,1387.7,2.8408369963797644,0.050958815212929665
8.6696125e-05,0,0.94928119,63.75609774758803,0,0.94919449,0.02420332,500.0,2.8028,0.0,20,8.669612497125279e-05,0.0,1401.4,2.8634790308294558,0.04130117881509676
3.41184715e-05,0,0.9493153,79.42109291617687,0,0.94928119,0.02413178,500.0,2.8594,0.0,20,3.411847149681346e-05,0.0,1429.7,2.9005226494547496,0.043335516579261935
6.63575567e-05,0,0.94938166,82.08258036879688,0,0.9493153,0.0240457,500.0,2.759,0.0,20,6.635755665518328e-05,0.0,1379.5,2.8211201675930075,0.05230633336930168
7.96164302e-05,0,0.94946128,66.07117374468233,0,0.94938166,0.02397507,500.0,2.798,0.0,20,7.961643021281439e-05,0.0,1399.0,2.860628602248114,0.043061243581220765
0.0001351,0,0.94959637,85.06444615701675,0,0.94946128,0.02390153,500.0,2.7604,0.0,20,0.0001350959304567967,0.0,1380.2,2.827895302163784,0.04496489437626394
0.0001063,0,0.94970267,60.79111777225354,0,0.94959637,0.0238317,500.0,2.7756,0.0,20,0.00010629767353564912,0.0,1387.8,2.840711995257527,0.04281935342779519
0.00014708,0,0.94984976,83.97761606523491,0,0.94970267,0.02373638,500.0,2.7832,0.0,20,0.00014708386587158895,0.0,1391.6,2.830865196366651,0.05864309361189868
0.00018657,0,0.95003632,74.44588638736192,0,0.94984976,0.023644,500.0,2.8558,0.0,20,0.00018656580545983736,0.0,1427.9,2.8823612473109614,0.05706088701036549
0.00019317,0,0.95022949,69.25027075759344,0,0.95003632,0.02357024,500.0,2.812,0.0,20,0.0001931726185473437,0.0,1406.0,2.8627008226498276,0.04571519321915929
