OmegaBefore,Wins,Traj,DeltaOmega,ReturnsStd,NormDeltaOmega,ConfortViolation,Theta,ITERATIONS,Omega,NormDeltaVar,RewardStd,TimestepsStd,ReturnsMean,TimestepsMean,RewardMean
0.8,0.0,20,-0.01131879,65.18673177879069,0.011318786873513509,0,0.18914208,0,0.78868121,0.9899999555970282,2.4237289534929443,0.0,1185.7,500.0,2.3714
0.78868121,0.0,20,0.00403339,50.93171899710435,0.004033389066770532,0,0.1790632,1,0.7927146,0.9587564880520176,2.4276181248293565,0.0,1173.4,500.0,2.3468
0.7927146,0.0,20,0.0070397,53.48373584558206,0.007039698237840564,0,0.17167046,2,0.7997543,0.730386244422629,2.454028451342812,0.0,1185.3,500.0,2.3706
0.7997543,0.0,20,0.00801562,59.73031056339821,0.008015618702293614,0,0.16504955,3,0.80776992,0.6756041934428794,2.387960058292433,0.0,1148.7,500.0,2.2974
0.80776992,0.0,20,0.00731587,81.89358949270694,0.007315869929630514,0,0.15777648,4,0.81508579,0.767706689324239,2.475522538778429,0.0,1194.8,500.0,2.3896
0.81508579,0.0,20,0.00739794,65.80964974834617,0.007397941294129962,0,0.15216622,5,0.82248373,0.6120717688432009,2.4939680110217934,0.0,1203.3,500.0,2.4066
0.82248373,0.0,20,0.00402899,51.446574229971816,0.004028993654768054,0,0.14585014,6,0.82651272,0.7116556110364449,2.431887949721368,0.0,1180.5,500.0,2.361
0.82651272,0.0,20,0.00362649,58.8808967323019,0.0036264868225268643,0,0.13910123,7,0.83013921,0.7892559952448188,2.5139802385858165,0.0,1217.2,500.0,2.4344
0.83013921,0.0,20,-0.00027518,56.91845043568913,0.00027518227929890227,0,0.13234182,8,0.82986403,0.823354273885986,2.528727039440991,0.0,1231.7,500.0,2.4634
0.82986403,0.0,20,0.0024988,62.278728310716176,0.0024988012907640744,0,0.12593531,9,0.83236283,0.8139472028817174,2.5474390591337017,0.0,1231.6,500.0,2.4632
0.83236283,0.0,20,0.00384373,76.37565057006061,0.003843734379774477,0,0.12099986,10,0.83620656,0.6515663232619389,2.4998813091824976,0.0,1209.4,500.0,2.4188
0.83620656,0.0,20,0.0052091,64.90269640007264,0.005209103415615313,0,0.11712964,11,0.84141567,0.5271614188990057,2.557702687960428,0.0,1238.2,500.0,2.4764
0.84141567,0.0,20,0.00553793,82.1093782706945,0.005537931475572688,0,0.11361055,12,0.8469536,0.49261434976985186,2.5527771152217738,0.0,1236.5,500.0,2.473
0.8469536,0.0,20,0.00614605,66.07874090810145,0.006146045499837549,0,0.11280166,13,0.85309964,0.11510773014319753,2.5748662101165567,0.0,1246.0,500.0,2.492
0.85309964,0.0,20,0.00448385,66.69662660135069,0.004483848490682396,0,0.11187987,14,0.85758349,0.13205340004531863,2.5912156529320365,0.0,1250.6,500.0,2.5012
0.85758349,0.0,20,0.00550788,63.109428772569316,0.005507875517871352,0,0.1128659,15,0.86309137,0.1412220193440561,2.618714188299288,0.0,1272.0,500.0,2.544
0.86309137,0.0,20,0.00457319,55.31943600580179,0.00457318621022107,0,0.11405356,16,0.86766455,0.1686774521937302,2.5482786660803014,0.0,1233.6,500.0,2.4672
0.86766455,0.0,20,0.00366184,59.87186317461651,0.0036618435223357837,0,0.11495764,17,0.8713264,0.12737864322165393,2.5563973400080044,0.0,1239.6,500.0,2.4792
0.8713264,0.0,20,0.00234719,55.78028325492799,0.0023471875368951123,0,0.11585592,18,0.87367359,0.1257010856090588,2.5217211899811605,0.0,1208.4,500.0,2.4168
0.87367359,0.0,20,0.00196476,87.80797230320263,0.0019647575890697766,0,0.11568719,19,0.87563834,0.0235453838865034,2.5715289148675735,0.0,1232.4,500.0,2.4648
0.87563834,0.0,20,-0.00025359,64.28810154297607,0.0002535914053266586,0,0.11375686,20,0.87538475,0.2715293415029727,2.541126805179151,0.0,1230.8,500.0,2.4616
0.87538475,0.0,20,0.0005545,48.082741186417394,0.0005544999534605743,0,0.11201481,21,0.87593925,0.2485139475283873,2.5637298999699634,0.0,1233.5,500.0,2.467
0.87593925,0.0,20,0.00194617,73.83569597423728,0.0019461737349744102,0,0.10929151,22,0.87788543,0.3953511156500973,2.57814686160428,0.0,1243.7,500.0,2.4874
0.87788543,0.0,20,0.00078466,71.43521540528873,0.0007846596955981555,0,0.10582056,23,0.87867009,0.5166165721106957,2.604125334925337,0.0,1259.1,500.0,2.5182
0.87867009,0.0,20,0.00025709,52.77300446250905,0.0002570899680734984,0,0.10245035,24,0.87892718,0.5161216580099932,2.6388397374603865,0.0,1276.1,500.0,2.5522
0.87892718,0.0,20,0.00061718,73.50231288877922,0.0006171842629767443,0,0.09917402,25,0.87954436,0.5163694143405451,2.5678688362141866,0.0,1242.1,500.0,2.4842
0.87954436,0.0,20,0.00237395,57.226217767733,0.002373953221297631,0,0.09541059,26,0.88191831,0.6122225112696356,2.590133618174939,0.0,1248.6,500.0,2.4972
0.88191831,0.0,20,0.00282202,55.81075165234742,0.002822016169576891,0,0.09185929,27,0.88474033,0.5978545037860954,2.6288050821618554,0.0,1268.6,500.0,2.5372
0.88474033,0.0,20,0.00404188,63.74409776598928,0.004041876865412797,0,0.08862028,28,0.88878221,0.563677367632657,2.607652055010407,0.0,1263.7,500.0,2.5274
0.88878221,0.0,20,0.00344807,66.37650186624782,0.0034480659738349573,0,0.08556241,29,0.89223027,0.5494894897496607,2.643161621997414,0.0,1280.4,500.0,2.5608
0.89223027,0.0,20,0.00156029,70.81384045509748,0.001560291054178875,0,0.08362702,30,0.89379056,0.3570515835116126,2.679682817051302,0.0,1305.0,500.0,2.61
0.89379056,0.0,20,0.00252357,54.052844513494385,0.002523570231301453,0,0.08228346,31,0.89631413,0.25230990623020944,2.6661798213923977,0.0,1287.7,500.0,2.5754
0.89631413,0.0,20,0.00230101,64.8397254775188,0.0023010073678050302,0,0.0802149,32,0.89861514,0.3958907621481771,2.642268109030573,0.0,1280.9,500.0,2.5618
0.89861514,0.0,20,0.00252421,75.24360437937567,0.0025242093027849632,0,0.0787393,33,0.90113935,0.2881402478931889,2.653357118821362,0.0,1282.0,500.0,2.564
0.90113935,0.0,20,0.00155371,72.37679186037468,0.0015537078252209069,0,0.07694274,34,0.90269306,0.3575595948975874,2.692136697866585,0.0,1310.0,500.0,2.62
0.90269306,0.0,20,0.00254625,57.424297993096964,0.002546249309606341,0,0.07556215,35,0.90523931,0.2800083186408884,2.6511731365567206,0.0,1279.5,500.0,2.559
0.90523931,0.0,20,0.00263922,72.78901015950142,0.002639218745327354,0,0.07453191,36,0.90787853,0.21202757292613938,2.6723375834650827,0.0,1296.4,500.0,2.5928
0.90787853,0.0,20,0.00301915,52.038062992390486,0.0030191526492173715,0,0.07326008,37,0.91089768,0.2654983382836775,2.7032353652614116,0.0,1315.8,500.0,2.6316
0.91089768,0.0,20,0.00248085,61.39381076297512,0.0024808486047257494,0,0.07200166,38,0.91337853,0.26690942619344327,2.6814652710784825,0.0,1294.0,500.0,2.588
0.91337853,0.0,20,0.00280075,73.56323810164966,0.002800748260255781,0,0.07034879,39,0.91617928,0.35718748092652675,2.6823853190770337,0.0,1301.5,500.0,2.603
0.91617928,0.0,20,0.00108475,67.204984934155,0.0010847527657620315,0,0.06829892,40,0.91726403,0.4539166330099107,2.700660889486127,0.0,1311.3,500.0,2.6226
0.91726403,0.0,20,0.00020281,63.11663806002345,0.00020280682095774605,0,0.06629076,41,0.91746683,0.45709213303056373,2.7367694166663,0.0,1332.3,500.0,2.6646
0.91746683,0.0,20,0.00148215,83.75344769022944,0.0014821489354520656,0,0.0647216,42,0.91894898,0.36620970382700335,2.745889029076011,0.0,1334.4,500.0,2.6688
0.91894898,0.0,20,0.00113878,70.5617460101435,0.001138783940115018,0,0.06299409,43,0.92008777,0.4128499906512033,2.724778860751823,0.0,1324.8,500.0,2.6496
0.92008777,0.0,20,0.00192755,65.24385028491191,0.0019275493683882372,0,0.06186013,44,0.92201532,0.2767773442256285,2.747342541438908,0.0,1341.8,500.0,2.6836
0.92201532,0.0,20,0.00231805,86.71470463537312,0.0023180527307841148,0,0.06012064,45,0.92433337,0.4339299225317106,2.749915955079355,0.0,1341.6,500.0,2.6832
0.92433337,0.0,20,0.00157555,76.12883816268314,0.0015755473442538026,0,0.05816419,46,0.92590892,0.5023271217633507,2.6993302873120215,0.0,1298.0,500.0,2.596
0.92590892,0.0,20,0.00111836,45.21548407348969,0.001118359624064147,0,0.05634096,47,0.92702728,0.4825999918513162,2.7596205826163858,0.0,1343.4,500.0,2.6868
0.92702728,0.0,20,0.00251139,66.64495479779396,0.0025113911950029877,0,0.05447384,48,0.92953867,0.5096827588760533,2.7765069782012075,0.0,1348.5,500.0,2.697
0.92953867,0.0,20,0.002426,86.29594428476926,0.0024259974562198527,0,0.05272543,49,0.93196467,0.4924313694245086,2.785626241978633,0.0,1361.9,500.0,2.7238
0.93196467,0.0,20,0.00210737,68.73252505182681,0.0021073696087390292,0,0.05083573,50,0.93407204,0.5498769485607724,2.787484141658926,0.0,1354.8,500.0,2.7096
0.93407204,0.0,20,0.00176753,77.44830533975549,0.0017675315656002777,0,0.04923614,51,0.93583957,0.48078928194642145,2.816895198618507,0.0,1375.6,500.0,2.7512
0.93583957,0.0,20,0.00212472,79.74427879164749,0.002124720401294966,0,0.04767933,52,0.93796429,0.48237103371369017,2.787565066505175,0.0,1354.5,500.0,2.709
0.93796429,0.0,20,0.0017102,78.97714859375463,0.0017101964131476244,0,0.04632179,53,0.93967448,0.43300134150993586,2.7894114002778436,0.0,1355.1,500.0,2.7102
0.93967448,0.0,20,0.00198703,68.97361814491103,0.0019870343655105094,0,0.04514456,54,0.94166152,0.38537677687543237,2.786204988869268,0.0,1361.2,500.0,2.7224
0.94166152,0.0,20,0.00137549,42.71533682414315,0.0013754905273369866,0,0.04400376,55,0.94303701,0.38269470273702666,2.823217313633508,0.0,1381.0,500.0,2.762
0.94303701,0.0,20,0.00153396,82.55155964607816,0.0015339649924192011,0,0.04290968,56,0.94457097,0.3760196493426804,2.8013939101811443,0.0,1370.2,500.0,2.7404
0.94457097,0.0,20,0.00112546,50.54463374088292,0.0011254559286208998,0,0.04195939,57,0.94569643,0.3341105019884978,2.8242685141466275,0.0,1382.2,500.0,2.7644
0.94569643,0.0,20,0.00110193,77.81844254416815,0.0011019305223247677,0,0.04120699,58,0.94679836,0.2697050802419412,2.813360630989209,0.0,1375.7,500.0,2.7514
0.94679836,0.0,20,0.00159303,60.07495318350236,0.001593031901545805,0,0.04039366,59,0.94839139,0.2969003483275898,2.8372373887286906,0.0,1389.0,500.0,2.778
0.94839139,0.0,20,0.00202351,73.74137237670587,0.0020235148734175645,0,0.03928268,60,0.95041491,0.41494666611720277,2.8043805661856958,0.0,1367.1,500.0,2.7342
0.95041491,0.0,20,0.00200089,91.9879883463053,0.00200089299545958,0,0.03836698,61,0.9524158,0.3505575264257601,2.829705560654677,0.0,1386.9,500.0,2.7738
0.9524158,0.0,20,0.00245992,70.36725090551712,0.0024599214039309203,0,0.03746554,62,0.95487572,0.3530369876711106,2.8652467607520298,0.0,1409.5,500.0,2.819
0.95487572,0.0,20,0.00234925,73.9753337268579,0.002349247154770029,0,0.03647794,63,0.95722497,0.396276885780658,2.8698388456496997,0.0,1417.5,500.0,2.835
0.95722497,0.0,20,0.0022707,91.72545993343397,0.0022706996442635186,0,0.03534946,64,0.95949567,0.4656454301640167,2.8556907115442316,0.0,1395.8,500.0,2.7916
0.95949567,0.0,20,0.00184286,53.15110535068862,0.0018428612865195593,0,0.03422896,65,0.96133853,0.47674390675399536,2.879633754490317,0.0,1414.4,500.0,2.8288
0.96133853,0.0,20,0.00155219,65.36505182435029,0.0015521882681234223,0,0.03323312,66,0.96289072,0.4365092482767423,2.8382961015369768,0.0,1385.9,500.0,2.7718
0.96289072,0.0,20,0.00096545,68.41016006413082,0.0009654451289616839,0,0.03232717,67,0.96385616,0.4082223397536211,2.816735521840842,0.0,1375.5,500.0,2.751
0.96385616,0.0,20,0.00098391,59.29881954980217,0.0009839092470435018,0,0.03134034,68,0.96484007,0.45744468673674277,2.8525776063062684,0.0,1400.5,500.0,2.801
0.96484007,0.0,20,0.00056747,66.50112780998529,0.0005674673263010854,0,0.03054791,69,0.96540754,0.3775362643102653,2.8145450786938913,0.0,1372.0,500.0,2.744
0.96540754,0.0,20,0.00066122,54.28112010635005,0.0006612195911288588,0,0.02978839,70,0.96606876,0.37086695969404815,2.852281921549832,0.0,1401.4,500.0,2.8028
0.96606876,0.0,20,0.00091427,75.50966825513142,0.0009142672491702086,0,0.02906884,71,0.96698303,0.35990681998920593,2.8629039173538464,0.0,1402.3,500.0,2.8046
0.96698303,0.0,20,0.00099256,58.98610005755593,0.0009925570579401022,0,0.02862239,72,0.96797558,0.22767546376192627,2.8844000832062116,0.0,1414.8,500.0,2.8296
0.96797558,0.0,20,0.00038978,92.4970810350251,0.0003897772986629633,0,0.02832771,73,0.96836536,0.15217057247085108,2.869168457933413,0.0,1405.3,500.0,2.8106
0.96836536,0.0,20,4.91504477e-05,113.05149269248948,4.9150447677615006e-05,0,0.02822271,74,0.96841451,0.05459372122332695,2.9078408759765377,0.0,1424.4,500.0,2.8488
0.96841451,0.0,20,0.00013186,81.68053623722118,0.0001318626340943707,0,0.02806005,75,0.96854637,0.08496496239725815,2.8618404637575448,0.0,1402.7,500.0,2.8054
0.96854637,0.0,20,0.00021803,69.37513963949911,0.00021803088253580238,0,0.02795749,76,0.9687644,0.05381844561481586,2.901319637682136,0.0,1435.3,500.0,2.8706
0.9687644,0.0,20,0.00057335,84.51147851031834,0.0005733530962912514,0,0.02791779,77,0.96933776,0.020883741520286492,2.9105537548720863,0.0,1433.9,500.0,2.8678
0.96933776,0.0,20,0.00049128,64.63087497473633,0.0004912752869759007,0,0.02793816,78,0.96982903,0.01071977484102149,2.8724677543882025,0.0,1411.5,500.0,2.823
0.96982903,0.0,20,0.00055678,78.97088070928423,0.0005567797399226304,0,0.02809177,79,0.97038581,0.08058780216698835,2.9017070837698276,0.0,1432.0,500.0,2.864
0.97038581,0.0,20,0.00030481,89.36056177083938,0.00030480718816761065,0,0.028359,80,0.97069062,0.13918223581921296,2.895879769603704,0.0,1424.7,500.0,2.8494
0.97069062,0.0,20,0.00061042,92.5449080176754,0.0006104237042325877,0,0.02854942,81,0.97130104,0.0984068381038199,2.8805589457603533,0.0,1425.2,500.0,2.8504
0.97130104,0.0,20,0.0009324,70.48765849423572,0.0009324035222354476,0,0.02866212,82,0.97223345,0.05793793824764748,2.921130952216966,0.0,1445.7,500.0,2.8914
0.97223345,0.0,20,0.00064525,79.15118445102385,0.0006452515893847766,0,0.02864625,83,0.9728787,0.008147245734910769,2.871891021609281,0.0,1400.7,500.0,2.8014
0.9728787,0.0,20,0.00074356,87.5289095099442,0.0007435614479542885,0,0.02860374,84,0.97362226,0.021838228144730465,2.8654213721545387,0.0,1400.3,500.0,2.8006
0.97362226,0.0,20,0.00084939,61.998387075794156,0.0008493904483077852,0,0.02856757,85,0.97447165,0.01860822735668677,2.9017725617284342,0.0,1427.0,500.0,2.854
0.97447165,0.0,20,0.00055078,65.9511940756193,0.0005507771652748517,0,0.02852614,86,0.97502243,0.021343686796633676,2.8465580338366543,0.0,1382.2,500.0,2.7644
0.97502243,0.0,20,0.00067238,65.915400324962,0.0006723848512474317,0,0.02853908,87,0.97569481,0.0066713650523198,2.904411844074459,0.0,1428.6,500.0,2.8572
0.97569481,0.0,20,0.00094383,64.97160918431987,0.000943832733018457,0,0.0284878,88,0.97663864,0.026445453222784465,2.8495708519003347,0.0,1384.3,500.0,2.7686
0.97663864,0.0,20,0.00068612,54.52439820850846,0.0006861218089426746,0,0.02810177,89,0.97732477,0.20058415563426735,2.8845016970007142,0.0,1419.3,500.0,2.8386
0.97732477,0.0,20,0.0009141,63.7127145866506,0.0009140973647999706,0,0.02765066,90,0.97823886,0.23781395640928338,2.879905769291766,0.0,1408.7,500.0,2.8174
0.97823886,0.0,20,0.00119152,48.67853736504416,0.001191517532354358,0,0.02729835,91,0.97943038,0.1883629024463076,2.900292399052206,0.0,1426.0,500.0,2.852
0.97943038,0.0,20,0.00095153,68.18680224207614,0.0009515345118882301,0,0.02687351,92,0.98038192,0.2303131154926703,2.896387156441624,0.0,1425.6,500.0,2.8512
0.98038192,0.0,20,0.00093153,69.00028985446365,0.0009315333445784058,0,0.02643492,93,0.98131345,0.24151380709977843,2.879121977270154,0.0,1419.6,500.0,2.8392
0.98131345,0.0,20,0.00080642,68.51649436449591,0.0008064166848985588,0,0.02604969,94,0.98211987,0.21536288740051646,2.9148348220782596,0.0,1435.7,500.0,2.8714
0.98211987,0.0,20,0.00085452,71.37114262781562,0.0008545169909512929,0,0.02591645,95,0.98297438,0.07521432133611938,2.8775260485354432,0.0,1406.4,500.0,2.8128
0.98297438,0.0,20,0.00074077,84.5567265213123,0.000740769999182378,0,0.02578744,96,0.98371515,0.07318326447612833,2.9436351947889197,0.0,1453.6,500.0,2.9072
0.98371515,0.0,20,0.00072664,65.10145927703925,0.0007266377548694747,0,0.02555023,97,0.98444179,0.1354916231673826,2.909954638821712,0.0,1429.0,500.0,2.858
0.98444179,0.0,20,0.0006152,52.430048636254384,0.0006151985696509765,0,0.02525492,98,0.98505699,0.17040658077917925,2.902643698423904,0.0,1431.7,500.0,2.8634
0.98505699,0.0,20,0.00052061,73.9894587086566,0.0005206088034038769,0,0.02492477,99,0.9855776,0.19282018541990453,2.9007097338410133,0.0,1427.4,500.0,2.8548
0.9855776,0.0,20,0.00040284,84.49402345728366,0.00040284127162770744,0,0.02473125,100,0.98598044,0.11418496404400003,2.898428567344726,0.0,1421.4,500.0,2.8428
0.98598044,0.0,20,0.00022459,69.00572440022638,0.00022459392485651986,0,0.02430082,101,0.98620503,0.2571278455280108,2.925957204061604,0.0,1448.1,500.0,2.8962
0.98620503,0.0,20,0.0004184,67.22083010496077,0.00041839743042304534,0,0.02402601,102,0.98662343,0.16649573063217105,2.892938049803348,0.0,1414.4,500.0,2.8288
0.98662343,0.0,20,0.00042306,73.9574877885938,0.00042305553965582554,0,0.02372072,103,0.98704649,0.1871531420162924,2.958239956460598,0.0,1465.3,500.0,2.9306
0.98704649,0.0,20,0.00044388,76.2721443254351,0.00044388229595637707,0,0.02337737,104,0.98749037,0.21331467433951445,2.8917409565865335,0.0,1418.4,500.0,2.8368
0.98749037,0.0,20,0.0002997,84.6980519256494,0.00029969529886497703,0,0.02303484,105,0.98779006,0.21587874700824727,2.922091415407807,0.0,1438.8,500.0,2.8776
0.98779006,0.0,20,0.0004133,79.00854384178967,0.0004133008954975148,0,0.02259987,106,0.98820336,0.278695952753246,2.9192052000501776,0.0,1435.5,500.0,2.871
0.98820336,0.0,20,0.00049381,65.07925936886497,0.0004938077387452999,0,0.02230849,107,0.98869717,0.1896395114028664,2.9245325848757435,0.0,1447.3,500.0,2.8946
0.98869717,0.0,20,0.00049632,80.5359547034739,0.000496320180714771,0,0.02205005,108,0.98919349,0.17023867109442392,2.9223549681720735,0.0,1449.4,500.0,2.8988
0.98919349,0.0,20,0.00050759,91.21381474316267,0.0005075879191120958,0,0.02178557,109,0.98970108,0.17625345362063882,2.930037515118194,0.0,1449.8,500.0,2.8996
0.98970108,0.0,20,0.0005356,63.25820104935011,0.0005356021306957004,0,0.02158121,110,0.99023668,0.13761954365401863,2.917640142306793,0.0,1438.0,500.0,2.876
0.99023668,0.0,20,0.00049949,76.40229054157997,0.0004994879791789808,0,0.02133026,111,0.99073617,0.17075931318766635,2.9602083102376424,0.0,1473.7,500.0,2.9474
0.99073617,0.0,20,0.00040982,72.83646064986958,0.00040982116209531405,0,0.02102248,112,0.99114599,0.21212419443807562,2.8422482298349663,0.0,1377.5,500.0,2.755
0.99114599,0.0,20,0.00038799,64.99930768862082,0.00038798934008033026,0,0.02084476,113,0.99153398,0.12387280085860652,2.942553659663661,0.0,1460.7,500.0,2.9214
0.99153398,0.0,20,0.00034155,68.65391467352754,0.00034154580549328184,0,0.02062206,114,0.99187553,0.15669683694981984,2.938280966823969,0.0,1443.2,500.0,2.8864
0.99187553,0.0,20,0.00022983,65.1290257872786,0.00022982813414940129,0,0.02048015,115,0.99210536,0.10071787097854212,2.933183383288539,0.0,1439.1,500.0,2.8782
0.99210536,0.0,20,0.00020459,62.86899076651383,0.0002045901840352915,0,0.02029552,116,0.99230995,0.1320578402095549,2.924477601213591,0.0,1436.3,500.0,2.8726
0.99230995,0.0,20,0.00011532,85.0305827335083,0.00011532173639994259,0,0.02008459,117,0.99242527,0.1523245542182181,2.947594951820891,0.0,1461.0,500.0,2.922
0.99242527,0.0,20,0.00017905,72.76097855306786,0.00017904665365975347,0,0.01984315,118,0.99260431,0.1762897470017748,2.967399507986749,0.0,1474.8,500.0,2.9496
0.99260431,0.0,20,0.00016762,66.81197497455078,0.00016761576516377552,0,0.01968005,119,0.99277193,0.12028812480900797,2.912760779741447,0.0,1429.6,500.0,2.8592
0.99277193,0.0,20,0.00018637,85.32549443161756,0.0001863687417750226,0,0.01971581,120,0.9929583,0.026455276508031034,2.927360339965,0.0,1450.6,500.0,2.9012
0.9929583,0.0,20,0.00014782,85.47771639439135,0.00014782055734130495,0,0.01969085,121,0.99310612,0.01845753326350774,2.9368203486083377,0.0,1453.4,500.0,2.9068
0.99310612,0.0,20,0.00013233,99.33956915549815,0.00013233214241992197,0,0.01950934,122,0.99323845,0.1349427322262713,2.9839502341694644,0.0,1485.5,500.0,2.971
0.99323845,0.0,20,8.85969933e-05,68.97615530021952,8.859699328900295e-05,0,0.01939288,123,0.99332705,0.08722820266540765,2.9182999914333685,0.0,1437.7,500.0,2.8754
0.99332705,0.0,20,0.00019397,87.77220516769533,0.0001939739026274312,0,0.01934123,124,0.99352102,0.03885223622650358,2.9660327442562058,0.0,1483.8,500.0,2.9676
0.99352102,0.0,20,0.00016992,69.3151498591758,0.00016992056305764613,0,0.01915049,125,0.99369094,0.14435902540704149,2.983207126566977,0.0,1489.1,500.0,2.9782
0.99369094,0.0,20,0.00021209,78.40943820739949,0.00021208574022602011,0,0.01895371,126,0.99390303,0.1504202259864158,2.9210603828062167,0.0,1446.6,500.0,2.8932
0.99390303,0.0,20,0.00026339,82.0209729276604,0.00026339136738462443,0,0.01873821,127,0.99416642,0.1664925689712291,2.9246230799882573,0.0,1436.4,500.0,2.8728
0.99416642,0.0,20,0.00025298,73.96647889415853,0.0002529836642342076,0,0.01860309,128,0.9944194,0.10535252363890635,2.9568566011898514,0.0,1467.6,500.0,2.9352
0.9944194,0.0,20,0.00018798,78.54139036202504,0.0001879818601480121,0,0.0183686,129,0.99460739,0.18462780292868075,2.93675858728633,0.0,1446.5,500.0,2.893
0.99460739,0.0,20,0.00020285,78.71187966247535,0.00020284769222456145,0,0.01829143,130,0.99481023,0.061267547382797716,2.947346983305495,0.0,1473.8,500.0,2.9476
0.99481023,0.0,20,0.00017799,62.35791850278519,0.0001779945617136347,0,0.01815386,131,0.99498823,0.1098507528818331,2.905303777576452,0.0,1430.7,500.0,2.8614
0.99498823,0.0,20,0.00021006,63.47566462826522,0.00021005662532114222,0,0.01810607,132,0.99519828,0.03834893935933792,2.9640059109252803,0.0,1491.8,500.0,2.9836
0.99519828,0.0,20,0.00019065,65.27664207049868,0.0001906545906370516,0,0.01798201,133,0.99538894,0.10002696311643433,2.9435063716594874,0.0,1451.6,500.0,2.9032
0.99538894,0.0,20,0.00015116,92.33222622681637,0.0001511568685040876,0,0.01771808,134,0.9955401,0.21507306609105825,2.981493612268858,0.0,1491.4,500.0,2.9828
0.9955401,0.0,20,0.00018713,64.46735608042259,0.00018713061344499682,0,0.01754952,135,0.99572723,0.13900935743058795,2.984104850704814,0.0,1486.6,500.0,2.9732
0.99572723,0.0,20,0.00015005,68.2043986851288,0.00015005389830313742,0,0.01743011,136,0.99587728,0.09926419629273653,2.9486483954517198,0.0,1460.4,500.0,2.9208
0.99587728,0.0,20,0.00018264,96.57220096901591,0.00018263603058188416,0,0.01728677,137,0.99605992,0.12005381321502995,2.951944437146472,0.0,1469.9,500.0,2.9398
0.99605992,0.0,20,0.00019767,60.14515774357899,0.00019766604265425425,0,0.01717489,138,0.99625758,0.09438156735890146,2.9583734990700545,0.0,1471.6,500.0,2.9432
0.99625758,0.0,20,0.00020123,65.78936084200849,0.00020123254039161598,0,0.01711601,139,0.99645881,0.0499192526039991,2.9460144195166458,0.0,1467.6,500.0,2.9352
0.99645881,0.0,20,0.00017544,108.40129150522147,0.00017543849645729193,0,0.01686536,140,0.99663425,0.2143887549609218,2.955163372810376,0.0,1460.6,500.0,2.9212
0.99663425,0.0,20,0.00015953,56.22952960856066,0.00015953328739237715,0,0.01657165,141,0.99679379,0.2552469854180117,2.964841014287275,0.0,1471.2,500.0,2.9424
0.99679379,0.0,20,0.00015404,65.78936084200849,0.00015404124979978562,0,0.01627214,142,0.99694783,0.2649074787516881,2.958563867825064,0.0,1463.6,500.0,2.9272
0.99694783,0.0,20,0.00015414,52.91984504890391,0.00015413650661422196,0,0.01586446,143,0.99710196,0.3683941764327159,2.985952384081166,0.0,1495.3,500.0,2.9906
0.99710196,0.0,20,0.00014881,92.00673888362743,0.0001488051325081452,0,0.01545018,144,0.99725077,0.3840160321465049,2.973498706910766,0.0,1480.6,500.0,2.9612
0.99725077,0.0,20,0.00015008,73.49088378839923,0.0001500811171644134,0,0.01497961,145,0.99740085,0.4486934161292879,2.987802342860049,0.0,1492.3,500.0,2.9846
0.99740085,0.0,20,0.00013338,82.77415055438503,0.0001333818919981855,0,0.01449443,146,0.99753423,0.47740092080338314,3.0066145479592157,0.0,1508.2,500.0,3.0164
0.99753423,0.0,20,0.00012395,79.84109217689848,0.00012394695787998344,0,0.01403968,147,0.99765818,0.4619798526812673,2.958425932823061,0.0,1473.0,500.0,2.946
0.99765818,0.0,20,8.49970115e-05,75.87858722986347,8.49970114988885e-05,0,0.01354662,148,0.99774318,0.5178621426296246,2.9669561237065842,0.0,1477.8,500.0,2.9556
0.99774318,0.0,20,6.28913393e-05,68.29524141548956,6.28913392554109e-05,0,0.01307572,149,0.99780607,0.5122422024533222,2.9788479920935877,0.0,1479.6,500.0,2.9592
0.99780607,0.0,20,7.93361457e-05,70.24243731534378,7.933614570154734e-05,0,0.01268436,150,0.9978854,0.4397705174820956,2.957231137398631,0.0,1464.0,500.0,2.928
0.9978854,0.0,20,6.60798354e-05,67.41654099699865,6.607983536732753e-05,0,0.01229794,151,0.99795148,0.4475562166178406,2.9711051075315393,0.0,1476.9,500.0,2.9538
0.99795148,0.0,20,6.3923753e-05,49.0187719144411,6.392375304420383e-05,0,0.01196773,152,0.99801541,0.3936092518791199,2.9497137759450487,0.0,1465.4,500.0,2.9308
0.99801541,0.0,20,7.3995945e-05,92.76825965813954,7.399594503654239e-05,0,0.01172629,153,0.9980894,0.2946366703296448,2.9661758208171007,0.0,1474.5,500.0,2.949
0.9980894,0.0,20,4.01731572e-05,74.37546638509234,4.017315715421077e-05,0,0.01148626,154,0.99812958,0.29892914695434314,2.9519446539527125,0.0,1458.7,500.0,2.9174
0.99812958,0.0,20,4.18230051e-05,79.66580194788729,4.1823005080598996e-05,0,0.01128092,155,0.9981714,0.260661557848195,2.9742214039980284,0.0,1477.6,500.0,2.9552
0.9981714,0.0,20,2.12501197e-05,101.57534149585715,2.125011973141966e-05,0,0.01108676,156,0.99819265,0.25082128446505436,2.948775847703586,0.0,1455.5,500.0,2.911
0.99819265,0.0,20,1.5644031e-06,74.7081655510293,1.564403101061984e-06,0,0.01096672,157,0.99819421,0.15725241187443828,2.9955967085040003,0.0,1500.3,500.0,3.0006
0.99819421,0.0,20,-2.18285684e-05,61.953208149376735,2.1828568433912565e-05,0,0.01090462,158,0.99817239,0.08202647456532475,2.9903304165259064,0.0,1491.0,500.0,2.982
0.99817239,0.0,20,-2.88483726e-05,75.82638063365546,2.8848372633172303e-05,0,0.01085186,159,0.99814354,0.07004124706854498,2.9429560920951574,0.0,1460.6,500.0,2.9212
0.99814354,0.0,20,5.47633327e-06,58.44792554060409,5.476333267306899e-06,0,0.01077005,160,0.99814901,0.10928367681697182,2.950136647682612,0.0,1468.8,500.0,2.9376
0.99814901,0.0,20,1.62279889e-07,68.90399117612854,1.6227988897110635e-07,0,0.01064935,161,0.99814918,0.1627472656652742,2.9573600119025083,0.0,1461.2,500.0,2.9224
0.99814918,0.0,20,1.88372381e-05,81.7397700021232,1.883723810491844e-05,0,0.01053578,162,0.99816801,0.15480761091980355,2.9963804765082824,0.0,1494.9,500.0,2.9898
0.99816801,0.0,20,2.44367749e-05,87.0170098314117,2.4436774900937763e-05,0,0.01047223,163,0.99819245,0.08735113294311248,2.9548008122376035,0.0,1470.2,500.0,2.9404
0.99819245,0.0,20,3.30081963e-05,53.444831368430755,3.300819629759033e-05,0,0.01040404,164,0.99822546,0.09431814420288731,2.961086118301864,0.0,1468.5,500.0,2.937
0.99822546,0.0,20,3.45829216e-05,88.30084937303832,3.4582921595416316e-05,0,0.01039965,165,0.99826004,0.00608464932624031,2.9683556660211727,0.0,1479.6,500.0,2.9592
0.99826004,0.0,20,3.75560421e-05,56.32574899635157,3.75560421302934e-05,0,0.01035124,166,0.9982976,0.06736060562354851,2.93962473115192,0.0,1461.9,500.0,2.9238
0.9982976,0.0,20,3.48146497e-05,75.33359144498554,3.481464969190551e-05,0,0.01028564,167,0.99833241,0.09176681396903064,2.9072115506099654,0.0,1430.5,500.0,2.861
0.99833241,0.0,20,5.28596858e-05,56.694267787846066,5.285968584378686e-05,0,0.01018048,168,0.99838527,0.14832230165191618,2.951087013288493,0.0,1455.6,500.0,2.9112
0.99838527,0.0,20,4.11813444e-05,69.96141793874679,4.118134443253929e-05,0,0.01001225,169,0.99842645,0.24047014031016545,2.99973265475442,0.0,1499.0,500.0,2.998
0.99842645,0.0,20,4.32437645e-05,61.035972999535275,4.324376447706335e-05,0,0.00989139,170,0.9984697,0.17523436382623458,2.9905081775510998,0.0,1496.1,500.0,2.9922
0.9984697,0.0,20,5.84098366e-05,81.90451757992352,5.840983655058807e-05,0,0.00977359,171,0.99852811,0.17286148755877662,2.97336156563577,0.0,1480.5,500.0,2.961
0.99852811,0.0,20,5.91937586e-05,90.79625542939534,5.9193758560893706e-05,0,0.00969219,172,0.9985873,0.12065356035806474,2.9656734547147976,0.0,1471.8,500.0,2.9436
0.9985873,0.0,20,4.395521e-05,63.805642383726536,4.3955209986346055e-05,0,0.00963205,173,0.99863126,0.08978229097415635,2.9792605525532676,0.0,1485.8,500.0,2.9716
0.99863126,0.0,20,5.41708845e-05,64.5752274483025,5.417088451120655e-05,0,0.00953808,174,0.99868543,0.14141220757861106,2.9571737588447524,0.0,1457.8,500.0,2.9156
0.99868543,0.0,20,5.69210667e-05,67.4806638971491,5.6921066705073464e-05,0,0.00939918,175,0.99874235,0.21157284031082213,2.994126276562162,0.0,1501.4,500.0,3.0028
0.99874235,0.0,20,4.70077279e-05,71.40161062609162,4.700772785926066e-05,0,0.00928828,176,0.99878935,0.17114593724622296,2.9621057307260323,0.0,1467.1,500.0,2.9342
0.99878935,0.0,20,3.76420888e-05,67.57958271549181,3.76420887916451e-05,0,0.00920016,177,0.998827,0.13745305891163184,2.953489461636862,0.0,1455.0,500.0,2.91
0.998827,0.0,20,3.14251986e-05,87.52165446333838,3.142519855947601e-05,0,0.00910216,178,0.99885842,0.1543965948526136,2.983384145563558,0.0,1492.6,500.0,2.9852
0.99885842,0.0,20,3.77122578e-05,78.91666490672296,3.7712257751176814e-05,0,0.00900828,179,0.99889613,0.14946740866318464,2.997063522850325,0.0,1498.4,500.0,2.9968
0.99889613,0.0,20,2.90366805e-05,73.47135496232528,2.90366805154596e-05,0,0.00891601,180,0.99892517,0.14840535251983056,2.951973739720596,0.0,1467.4,500.0,2.9348
0.99892517,0.0,20,4.20914298e-05,78.07662902559255,4.2091429766411004e-05,0,0.0088378,181,0.99896726,0.12700217768339428,3.0208597186893673,0.0,1514.2,500.0,3.0284
0.99896726,0.0,20,3.92049928e-05,67.02201130971824,3.920499277054734e-05,0,0.00881303,182,0.99900647,0.04044515549536243,3.0057197141450165,0.0,1503.5,500.0,3.007
0.99900647,0.0,20,3.54733019e-05,59.42886504048349,3.547330189590525e-05,0,0.00877461,183,0.99904194,0.06297213416395664,2.9583430429887607,0.0,1461.9,500.0,2.9238
0.99904194,0.0,20,3.28605976e-05,89.19927129747192,3.2860597639072786e-05,0,0.00869955,184,0.9990748,0.12380771824633996,2.955998856562702,0.0,1463.7,500.0,2.9274
0.9990748,0.0,20,2.83496544e-05,94.17106774376087,2.834965442588544e-05,0,0.00865412,185,0.99910315,0.07545760992827866,2.967661159903536,0.0,1470.9,500.0,2.9418
0.99910315,0.0,20,3.90202451e-05,118.53252718136063,3.9020245136578424e-05,0,0.00860297,186,0.99914217,0.08541640944491746,2.982172067470286,0.0,1483.8,500.0,2.9676
0.99914217,0.0,20,3.9098011e-05,72.68638111778574,3.9098011003990685e-05,0,0.00856308,187,0.99918127,0.0669656623625201,2.994515994280211,0.0,1495.7,500.0,2.9914
0.99918127,0.0,20,3.17639928e-05,92.71332158864766,3.176399281457076e-05,0,0.0085455,188,0.99921303,0.029622792990835478,2.970366280444215,0.0,1484.8,500.0,2.9696
0.99921303,0.0,20,2.91863037e-05,54.83165144330417,2.9186303677430914e-05,0,0.00853919,189,0.99924222,0.010641608055195206,2.966613631735686,0.0,1471.7,500.0,2.9434
0.99924222,0.0,20,2.22677927e-05,78.33492196970647,2.2267792749497417e-05,0,0.00854408,190,0.99926449,0.008251065140555625,2.961478522630208,0.0,1468.2,500.0,2.9364
0.99926449,0.0,20,1.47358692e-05,60.077949365803086,1.4735869226956133e-05,0,0.00850999,191,0.99927922,0.057611345745243625,2.9682858083412387,0.0,1477.2,500.0,2.9544
0.99927922,0.0,20,1.81638502e-05,84.58628730473988,1.8163850155628047e-05,0,0.00853518,192,0.99929739,0.042590846027962925,2.9869409368114397,0.0,1481.4,500.0,2.9628
0.99929739,0.0,20,2.08582092e-05,94.83728169870749,2.085820919950354e-05,0,0.00852858,193,0.99931825,0.011139029457126526,2.994737724743187,0.0,1490.7,500.0,2.9814
0.99931825,0.0,20,2.27273874e-05,70.2879790575885,2.2727387387178055e-05,0,0.00853686,194,0.99934097,0.013981326051151655,2.9839571042493223,0.0,1480.0,500.0,2.96
0.99934097,0.0,20,2.6411865e-05,85.19624404866684,2.6411864981534805e-05,0,0.00852727,195,0.99936738,0.016201163499019344,2.9646018282393336,0.0,1472.0,500.0,2.944
0.99936738,0.0,20,2.54493474e-05,72.72929258558754,2.5449347398676103e-05,0,0.00849795,196,0.99939283,0.04962133728800211,2.9468354212612553,0.0,1459.5,500.0,2.919
0.99939283,0.0,20,2.40123939e-05,77.10635512070326,2.4012393872507865e-05,0,0.00846417,197,0.99941685,0.05738203008397136,2.9630527433712683,0.0,1478.1,500.0,2.9562
0.99941685,0.0,20,2.2742515e-05,73.0057531979501,2.2742514971474392e-05,0,0.00842954,198,0.99943959,0.05907458986322922,2.921773050734776,0.0,1441.6,500.0,2.8832
0.99943959,0.0,20,1.77894953e-05,67.21153174865158,1.778949526753948e-05,0,0.00841249,199,0.99945738,0.029163166719158085,2.958051784536572,0.0,1467.1,500.0,2.9342
0.99945738,0.0,20,1.51500151e-05,49.26367830359402,1.5150015140852346e-05,0,0.00836617,200,0.99947253,0.07954127831304447,2.9923397601208324,0.0,1491.3,500.0,2.9826
0.99947253,0.0,20,1.75570021e-05,50.43361973921761,1.7557002114365616e-05,0,0.00832492,201,0.99949009,0.07120724997426464,2.9921027722991065,0.0,1494.5,500.0,2.989
0.99949009,0.0,20,1.38246997e-05,69.84010309270741,1.382469971189515e-05,0,0.00828529,202,0.99950391,0.06873769808632346,2.9782344031321646,0.0,1488.6,500.0,2.9772
0.99950391,0.0,20,1.19232469e-05,56.686770943492625,1.1923246891254458e-05,0,0.00825524,203,0.99951583,0.052340767213109984,2.9843586848768697,0.0,1499.1,500.0,2.9982
0.99951583,0.0,20,1.40915164e-05,88.03607215227177,1.4091516370218216e-05,0,0.00821759,204,0.99952992,0.06585054834518189,3.003816072931231,0.0,1508.5,500.0,3.017
0.99952992,0.0,20,1.22892105e-05,63.42073793326596,1.2289210475358026e-05,0,0.00819865,205,0.99954221,0.033243468254795516,3.010059394762834,0.0,1516.9,500.0,3.0338
0.99954221,0.0,20,9.22920651e-06,55.120232220120414,9.229206507921361e-06,0,0.00813425,206,0.99955144,0.1135774271674137,2.965935562347908,0.0,1471.6,500.0,2.9432
0.99955144,0.0,20,1.13948309e-05,90.54810875992939,1.139483094514393e-05,0,0.00808728,207,0.99956284,0.08341324705475017,2.966386191985123,0.0,1476.8,500.0,2.9536
0.99956284,0.0,20,9.24138655e-06,89.15037857463085,9.241386548675123e-06,0,0.00805428,208,0.99957208,0.05888853223426338,2.969693580152673,0.0,1474.9,500.0,2.9498
0.99957208,0.0,20,7.52718457e-06,110.95814526207619,7.5271845656477154e-06,0,0.00797536,209,0.99957961,0.14179316131678377,3.0131638588035665,0.0,1503.3,500.0,3.0066
0.99957961,0.0,20,5.89237674e-06,72.24811416223956,5.892376735316951e-06,0,0.00792221,210,0.9995855,0.09629683427721147,2.9990136978680164,0.0,1491.1,500.0,2.9822
0.9995855,0.0,20,6.09827603e-06,66.17824415924014,6.09827603326174e-06,0,0.00784647,211,0.9995916,0.13831968045154497,2.9529093179439156,0.0,1464.2,500.0,2.9284
0.9995916,0.0,20,6.3170568e-06,79.76584482095078,6.317056795768217e-06,0,0.00780556,212,0.99959791,0.07526769097007957,2.9607461154242865,0.0,1466.9,500.0,2.9338
0.99959791,0.0,20,3.53694297e-06,56.093136835088835,3.5369429713938416e-06,0,0.00775711,213,0.99960145,0.0896422324585302,2.9844790768239604,0.0,1495.4,500.0,2.9908
0.99960145,0.0,20,4.91181828e-07,61.55127943430583,4.911818282105074e-07,0,0.00768604,214,0.99960194,0.13251970289172732,2.983311019655846,0.0,1487.2,500.0,2.9744
0.99960194,0.0,20,4.72128793e-06,75.23270565385776,4.721287926501283e-06,0,0.00758346,215,0.99960666,0.19340887566880838,3.002387290140964,0.0,1495.8,500.0,2.9916
0.99960666,0.0,20,1.14840039e-05,93.02666284458452,1.148400392236848e-05,0,0.00747194,216,0.99961815,0.21325776622457226,2.9954632095887943,0.0,1499.8,500.0,2.9996
0.99961815,0.0,20,1.06465034e-05,82.43027356499553,1.0646503423417109e-05,0,0.00737459,217,0.99962879,0.1887402380174592,2.9918273680144045,0.0,1493.5,500.0,2.987
0.99962879,0.0,20,7.25148917e-06,85.88690237748709,7.251489169135539e-06,0,0.00726326,218,0.99963605,0.21892001582507703,2.975713534599727,0.0,1483.2,500.0,2.9664
0.99963605,0.0,20,1.11160081e-05,72.54763952052471,1.1116008140188427e-05,0,0.00714228,219,0.99964716,0.24168190362809128,2.9655579980840026,0.0,1476.2,500.0,2.9524
0.99964716,0.0,20,1.00327272e-05,68.21466118071686,1.0032727176811918e-05,0,0.00702191,220,0.99965719,0.24454580682315452,3.0061076760488805,0.0,1505.4,500.0,3.0108
0.99965719,0.0,20,1.24806896e-05,51.4753338988685,1.248068963666249e-05,0,0.0069083,221,0.99966968,0.2346738536424482,2.979153107847933,0.0,1476.3,500.0,2.9526
0.99966968,0.0,20,1.03937411e-05,66.93362383735098,1.0393741055159111e-05,0,0.00681911,222,0.99968007,0.18691866057483253,3.004659521476601,0.0,1497.7,500.0,2.9954
0.99968007,0.0,20,1.00338652e-05,84.87873703113165,1.0033865207259574e-05,0,0.00670055,223,0.9996901,0.25226398039745845,2.9816800633200073,0.0,1486.0,500.0,2.972
0.9996901,0.0,20,8.34230889e-06,83.9949403238076,8.342308885245231e-06,0,0.00656864,224,0.99969845,0.2859399998413039,2.956259630005457,0.0,1463.5,500.0,2.927
0.99969845,0.0,20,7.97267995e-06,77.54605083432682,7.972679948675676e-06,0,0.00649307,225,0.99970642,0.16638452266184345,2.9427026965019762,0.0,1453.9,500.0,2.9078
0.99970642,0.0,20,8.63290433e-06,69.40569140927853,8.632904326844049e-06,0,0.00640507,226,0.99971505,0.19619275774377343,2.976183966088118,0.0,1486.5,500.0,2.973
0.99971505,0.0,20,1.10052935e-05,95.77348276010433,1.1005293454990905e-05,0,0.00630171,227,0.99972606,0.23389634316519903,3.0147430802640542,0.0,1515.2,500.0,3.0304
0.99972606,0.0,20,1.12511498e-05,60.41655402288349,1.1251149781843495e-05,0,0.00619983,228,0.99973731,0.23431815762828023,2.9748488096036074,0.0,1480.8,500.0,2.9616
0.99973731,0.0,20,1.14013371e-05,98.10280322192634,1.1401337125738209e-05,0,0.00602835,229,0.99974871,0.40315155081016485,3.0055938248539174,0.0,1501.2,500.0,3.0024
0.99974871,0.0,20,1.27485132e-05,83.09097423908327,1.2748513238625137e-05,0,0.00585587,230,0.99976146,0.4171842566605761,2.979434248309568,0.0,1476.7,500.0,2.9534
0.99976146,0.0,20,1.12065553e-05,68.09838470918382,1.120655526720693e-05,0,0.00566617,231,0.99977266,0.4731805264933229,2.983537490966051,0.0,1494.9,500.0,2.9898
0.99977266,0.0,20,9.41334712e-06,72.79416185381902,9.413347122011473e-06,0,0.00551956,232,0.99978208,0.3766092147687061,2.986423406015965,0.0,1489.1,500.0,2.9782
0.99978208,0.0,20,5.89954916e-06,82.61446604560244,5.899549159082973e-06,0,0.00538806,233,0.99978798,0.3463468598779116,2.9570781186840502,0.0,1458.5,500.0,2.917
0.99978798,0.0,20,4.23971376e-06,76.47195564388295,4.239713760734176e-06,0,0.00526326,234,0.99979222,0.33656954541002904,2.992230980389047,0.0,1493.8,500.0,2.9876
0.99979222,0.0,20,6.58196546e-06,82.00554859276292,6.581965460106254e-06,0,0.00514674,235,0.9997988,0.32150088618651296,2.9678533050000966,0.0,1476.3,500.0,2.9526
0.9997988,0.0,20,5.79615741e-06,66.44245630619025,5.796157406257052e-06,0,0.00503638,236,0.99980459,0.3112230036542769,2.9945811059311787,0.0,1489.0,500.0,2.978
0.99980459,0.0,20,4.80117007e-06,56.95357758736496,4.801170071622174e-06,0,0.0049424,237,0.9998094,0.2704447476210561,2.997172207264708,0.0,1493.7,500.0,2.9874
0.9998094,0.0,20,2.26300321e-06,79.3412881165916,2.263003212377157e-06,0,0.00485529,238,0.99981166,0.2552976675463441,3.0036589952922426,0.0,1510.4,500.0,3.0208
0.99981166,0.0,20,-1.51869376e-07,70.12674240259561,1.5186937607492013e-07,0,0.00477874,239,0.99981151,0.22813439825564785,2.9911716500394956,0.0,1495.2,500.0,2.9904
0.99981151,0.0,20,-1.68556908e-06,79.411837908463,1.6855690792016986e-06,0,0.00472225,240,0.99980982,0.1706793943794196,2.9333611028988575,0.0,1439.6,500.0,2.8792
0.99980982,0.0,20,-4.80682924e-07,54.104620874746,4.806829240200372e-07,0,0.00465641,241,0.99980934,0.20153008057161514,2.9781411047833175,0.0,1491.7,500.0,2.9834
0.99980934,0.0,20,-1.25994809e-06,48.604938020740235,1.25994808675145e-06,0,0.00458184,242,0.99980808,0.23170556688251054,2.987649002141986,0.0,1490.6,500.0,2.9812
0.99980808,0.0,20,-1.86301355e-06,52.35370091980126,1.8630135473207687e-06,0,0.00450343,243,0.99980622,0.24770935002230487,2.9874729856519204,0.0,1487.7,500.0,2.9754
0.99980622,0.0,20,-1.0431828e-06,77.89961488993383,1.0431827970336371e-06,0,0.00443347,244,0.99980517,0.22465844997739737,2.9752443597123244,0.0,1480.5,500.0,2.961
0.99980517,0.0,20,1.21015262e-06,101.20133398330282,1.2101526192243028e-06,0,0.00437587,245,0.99980638,0.1876570583020225,2.995787382308698,0.0,1489.3,500.0,2.9786
0.99980638,0.0,20,7.31717234e-07,95.28567573355399,7.317172344700751e-07,0,0.00429681,246,0.99980712,0.26158907181969937,2.9778543685009176,0.0,1482.8,500.0,2.9656
0.99980712,0.0,20,3.57449879e-06,113.35060652682894,3.5744987855190757e-06,0,0.00425119,247,0.99981069,0.15312632154638095,2.9716042535977096,0.0,1480.2,500.0,2.9604
0.99981069,0.0,20,4.16758202e-06,87.30085910230208,4.167582021818994e-06,0,0.00418583,248,0.99981486,0.22229242559338047,3.00474920084855,0.0,1508.4,500.0,3.0168
0.99981486,0.0,20,3.58938737e-06,68.96165601259877,3.589387365110497e-06,0,0.00415013,249,0.99981845,0.12287574824831893,2.9345134588207293,0.0,1438.7,500.0,2.8774
0.99981845,0.0,20,2.8225122e-06,57.96300544312726,2.8225121966318767e-06,0,0.00412078,250,0.99982127,0.10182424059364337,2.9714561480863217,0.0,1479.7,500.0,2.9594
0.99982127,0.0,20,3.02499182e-06,72.43997515184554,3.0249918212543747e-06,0,0.00410814,251,0.99982429,0.04405655700051625,2.9905141698376894,0.0,1497.5,500.0,2.995
0.99982429,0.0,20,3.24406913e-06,72.67702525557853,3.2440691297708213e-06,0,0.004088,252,0.99982754,0.07051062357149362,2.9977323095967057,0.0,1500.5,500.0,3.001
0.99982754,0.0,20,3.69605985e-06,70.74432839457874,3.696059853064426e-06,0,0.00408857,253,0.99983124,0.0020261764562405915,2.990343899955321,0.0,1492.2,500.0,2.9844
0.99983124,0.0,20,4.8264372e-06,57.377608873148425,4.8264371953488094e-06,0,0.00408878,254,0.99983606,0.0007428905509101469,2.9546649150115143,0.0,1464.1,500.0,2.9282
0.99983606,0.0,20,5.3091438e-06,91.24576702510643,5.309143801035532e-06,0,0.00412136,255,0.99984137,0.11382029141880423,2.9987968187258036,0.0,1497.9,500.0,2.9958
0.99984137,0.0,20,5.96610401e-06,78.1088343274946,5.966104009935691e-06,0,0.00414466,256,0.99984734,0.08089490786694853,3.006523833266585,0.0,1498.1,500.0,2.9962
0.99984734,0.0,20,4.31604532e-06,65.93170709150492,4.3160453236934515e-06,0,0.00416916,257,0.99985165,0.08454829168481126,2.9828697524364016,0.0,1485.1,500.0,2.9702
0.99985165,0.0,20,4.16211984e-06,86.20040603152633,4.162119842665568e-06,0,0.00417404,258,0.99985581,0.016755224298435678,2.986149567586996,0.0,1488.7,500.0,2.9774
0.99985581,0.0,20,2.32751814e-06,71.5944131898572,2.3275181393334066e-06,0,0.00414984,259,0.99985814,0.08340222179455736,2.9899705416609046,0.0,1485.2,500.0,2.9704
0.99985814,0.0,20,2.49174718e-06,96.59068278048355,2.491747184696358e-06,0,0.00413787,260,0.99986063,0.04142397227906258,2.9986659433821568,0.0,1499.2,500.0,2.9984
0.99986063,0.0,20,2.20335221e-06,92.396753189709,2.203352205354392e-06,0,0.00414094,261,0.99986284,0.010640046112172286,2.981492753638687,0.0,1478.2,500.0,2.9564
0.99986284,0.0,20,2.92199119e-06,82.56215840201854,2.921991188564732e-06,0,0.00413902,262,0.99986576,0.006662347406248159,2.9982642378549627,0.0,1498.3,500.0,2.9966
0.99986576,0.0,20,4.16930447e-06,78.32566629145265,4.169304467116497e-06,0,0.00415658,263,0.99986993,0.06073964554967404,2.9872708012498634,0.0,1492.7,500.0,2.9854
0.99986993,0.0,20,4.56498486e-06,90.2770735015264,4.564984864341426e-06,0,0.00415491,264,0.99987449,0.005769156145660759,3.0006624268651083,0.0,1502.5,500.0,3.005
0.99987449,0.0,20,4.36474691e-06,66.16041112326917,4.364746906571071e-06,0,0.00413176,265,0.99987886,0.08014768500530067,2.988240954140078,0.0,1498.0,500.0,2.996
0.99987886,0.0,20,4.10044753e-06,59.56307581043813,4.100447532517926e-06,0,0.0040923,266,0.99988296,0.1376576518988344,2.955715385486228,0.0,1460.8,500.0,2.9216
0.99988296,0.0,20,4.62558843e-06,78.48923493065784,4.625588428175398e-06,0,0.00406084,267,0.99988758,0.1107083468623955,2.972044252698805,0.0,1476.8,500.0,2.9536
0.99988758,0.0,20,3.71904048e-06,77.23334771975121,3.7190404770237606e-06,0,0.00403403,268,0.9998913,0.09500641408546073,2.979987375812186,0.0,1489.1,500.0,2.9782
0.9998913,0.0,20,3.47177173e-06,59.79122009124751,3.47177172765889e-06,0,0.00401415,269,0.99989478,0.07085374983202541,2.968658141315702,0.0,1468.9,500.0,2.9378
0.99989478,0.0,20,4.25113946e-06,104.76120465134028,4.251139461231013e-06,0,0.0040103,270,0.99989903,0.013787798030847398,3.0067659104093885,0.0,1506.3,500.0,3.0126
0.99989903,0.0,20,3.44785749e-06,67.98963156246693,3.4478574857388367e-06,0,0.00402335,271,0.99990247,0.046606555102570724,3.028977114472805,0.0,1522.9,500.0,3.0458
0.99990247,0.0,20,4.37407517e-06,69.17766980753255,4.374075169066849e-06,0,0.00402049,272,0.99990685,0.010193937864883651,2.9899095304038883,0.0,1489.5,500.0,2.979
0.99990685,0.0,20,4.41523716e-06,73.86602737388819,4.415237164434593e-06,0,0.0040184,273,0.99991126,0.007459323007552143,2.9795835883559305,0.0,1482.1,500.0,2.9642
0.99991126,0.0,20,3.72238469e-06,88.4954236104896,3.722384690929559e-06,0,0.00401253,274,0.99991499,0.020960488684963252,3.006835838551882,0.0,1511.6,500.0,3.0232
0.99991499,0.0,20,2.84276433e-06,57.73205348850844,2.8427643313788664e-06,0,0.00399062,275,0.99991783,0.07853390243042213,2.9491446827851626,0.0,1462.1,500.0,2.9242
0.99991783,0.0,20,3.04981238e-06,59.8039296367722,3.049812382083239e-06,0,0.00397684,276,0.99992088,0.04962090299825661,2.9928540960093595,0.0,1489.7,500.0,2.9794
0.99992088,0.0,20,3.25146961e-06,60.3571868131708,3.2514696122198927e-06,0,0.00396435,277,0.99992413,0.04509812914595557,2.954608325988404,0.0,1457.9,500.0,2.9158
0.99992413,0.0,20,2.70810521e-06,74.44266249940284,2.7081052115240922e-06,0,0.00395128,278,0.99992684,0.047374954429784566,2.975691859047237,0.0,1489.3,500.0,2.9786
0.99992684,0.0,20,2.44854904e-06,66.4978195131239,2.4485490449643876e-06,0,0.00393808,279,0.99992929,0.04800354456988032,2.991175260662604,0.0,1495.8,500.0,2.9916
0.99992929,0.0,20,1.63256273e-06,69.91451923599274,1.6325627324453862e-06,0,0.00393895,280,0.99993092,0.0031850114999798507,2.980863525893126,0.0,1485.4,500.0,2.9708
0.99993092,0.0,20,2.39059964e-06,74.57150930482767,2.390599636914459e-06,0,0.00392479,281,0.99993331,0.051649174311748425,3.007844085054942,0.0,1504.3,500.0,3.0086
0.99993331,0.0,20,1.76613174e-06,74.9006675537675,1.7661317440742508e-06,0,0.00391528,282,0.99993508,0.034819989380167726,2.9814674977265807,0.0,1473.3,500.0,2.9466
0.99993508,0.0,20,1.50175333e-06,93.8464703651661,1.5017533273598005e-06,0,0.00389157,283,0.99993658,0.08711940762037784,2.988776846805395,0.0,1498.2,500.0,2.9964
0.99993658,0.0,20,2.21089704e-06,62.73722977626603,2.210897038890103e-06,0,0.00385312,284,0.99993879,0.14239404620323626,3.0213967366104044,0.0,1513.8,500.0,3.0276
0.99993879,0.0,20,2.17888496e-06,81.56586295748977,2.1788849571269253e-06,0,0.00380247,285,0.99994097,0.18975621308192103,2.9899731035579564,0.0,1496.1,500.0,2.9922
0.99994097,0.0,20,2.80246978e-06,76.8674183253217,2.8024697821260602e-06,0,0.0037576,286,0.99994377,0.17021970545219745,2.964482416881571,0.0,1469.0,500.0,2.938
0.99994377,0.0,20,2.39907737e-06,70.11590404466023,2.3990773744264615e-06,0,0.00369522,287,0.99994617,0.24004482126461824,3.0294510657873315,0.0,1528.4,500.0,3.0568
0.99994617,0.0,20,2.25361463e-06,83.68153918278512,2.2536146334628526e-06,0,0.00363565,288,0.99994842,0.23300752593829088,2.968753947365797,0.0,1475.0,500.0,2.95
0.99994842,0.0,20,2.52283465e-06,70.4567952719963,2.5228346458572304e-06,0,0.00357461,289,0.99995095,0.24278650465775797,2.970831641140238,0.0,1472.8,500.0,2.9456
0.99995095,0.0,20,2.35277613e-06,87.23187490820084,2.3527761332520214e-06,0,0.00351897,290,0.9999533,0.2248963418515757,2.9903304165259064,0.0,1491.0,500.0,2.982
0.9999533,0.0,20,2.10266675e-06,65.1990030598628,2.102666751158111e-06,0,0.00346792,291,0.9999554,0.20951005833676106,2.979096178373568,0.0,1484.3,500.0,2.9686
0.9999554,0.0,20,1.57950768e-06,57.28036312734059,1.579507683313608e-06,0,0.00341646,292,0.99995698,0.21427073079289016,2.9945896814087902,0.0,1489.6,500.0,2.9792
0.99995698,0.0,20,1.27843093e-06,57.697833581513265,1.2784309308955244e-06,0,0.00336216,293,0.99995826,0.2296591670494763,2.9896695737154633,0.0,1483.6,500.0,2.9672
0.99995826,0.0,20,9.92466288e-07,74.75152172364119,9.924662883742386e-07,0,0.00334085,294,0.99995925,0.09116679663071636,2.979914086009863,0.0,1484.9,500.0,2.9698
0.99995925,0.0,20,1.39362409e-06,64.32697723350601,1.3936240911283093e-06,0,0.00333253,295,0.99996065,0.0357074093969203,2.9765848618845054,0.0,1475.8,500.0,2.9516
0.99996065,0.0,20,1.30639378e-06,92.75753338678213,1.3063937824853156e-06,0,0.00334194,296,0.99996195,0.04037603144092827,3.008784977362124,0.0,1501.8,500.0,3.0036
0.99996195,0.0,20,1.14110741e-06,71.92218016717791,1.1411074093414797e-06,0,0.00335422,297,0.99996309,0.052583712771408386,2.9869556407820985,0.0,1482.0,500.0,2.964
0.99996309,0.0,20,1.11745207e-06,83.8295294034268,1.117452068877256e-06,0,0.00336521,298,0.99996421,0.04689290052944273,2.9998658570009424,0.0,1498.9,500.0,2.9978
0.99996421,0.0,20,9.62334591e-07,64.88844273058184,9.623345912368464e-07,0,0.00337335,299,0.99996517,0.03461516091140027,2.9770110580916556,0.0,1487.7,500.0,2.9754
0.99996517,0.0,20,8.02441876e-07,71.62757848761885,8.024418760577134e-07,0,0.00338818,300,0.99996597,0.0628814253905432,3.0419885009644596,0.0,1534.3,500.0,3.0686
0.99996597,0.0,20,6.51092608e-07,97.88007968938317,6.51092607828474e-07,0,0.00340043,301,0.99996663,0.05174543864403347,3.001977688124947,0.0,1494.3,500.0,2.9886
0.99996663,0.0,20,3.48495227e-07,69.88812488541956,3.484952266763486e-07,0,0.00341907,302,0.99996697,0.07838174081322791,2.973144967874927,0.0,1473.5,500.0,2.947
0.99996697,0.0,20,3.02332845e-07,98.95832456140312,3.023328449813789e-07,0,0.00340374,303,0.99996728,0.06444234543543814,2.983198116116326,0.0,1488.5,500.0,2.977
0.99996728,0.0,20,8.27333528e-07,67.4545031854805,8.273335276864913e-07,0,0.00338994,304,0.9999681,0.05822778315277333,2.9769022221094197,0.0,1482.3,500.0,2.9646
0.9999681,0.0,20,8.51466026e-07,109.31587258948264,8.514660263525542e-07,0,0.00337395,305,0.99996896,0.06778629076958964,2.996528097649011,0.0,1497.8,500.0,2.9956
0.99996896,0.0,20,6.83841761e-07,77.74027270340643,6.838417607735181e-07,0,0.00336291,306,0.99996964,0.04694825447866435,2.9800803680437884,0.0,1480.5,500.0,2.961
0.99996964,0.0,20,5.37743081e-07,72.48999931024969,5.377430812858464e-07,0,0.00334392,307,0.99997018,0.08116381963931474,3.013824148818242,0.0,1504.0,500.0,3.008
0.99997018,0.0,20,4.86032882e-07,86.00697646121505,4.86032882163201e-07,0,0.00333273,308,0.99997066,0.048079382740695564,3.0047961661317397,0.0,1500.0,500.0,3.0
0.99997066,0.0,20,5.55623944e-07,76.94309585661341,5.556239440762667e-07,0,0.00332306,309,0.99997122,0.04162636593699176,2.9975375493894987,0.0,1490.4,500.0,2.9808
0.99997122,0.0,20,6.2538331e-07,103.94806395503478,6.253833098046613e-07,0,0.00333076,310,0.99997184,0.03315619537237069,2.994116898185507,0.0,1496.0,500.0,2.992
0.99997184,0.0,20,4.19194613e-07,61.76374340986789,4.191946134657343e-07,0,0.00335073,311,0.99997226,0.08569221836519603,3.009544257856993,0.0,1507.8,500.0,3.0156
0.99997226,0.0,20,1.75820665e-07,82.03627246529427,1.7582066502708216e-07,0,0.0033499,312,0.99997244,0.0035368181431181256,2.972224587745684,0.0,1470.5,500.0,2.941
0.99997244,0.0,20,4.9896548e-07,84.06063287889285,4.989654804887778e-07,0,0.0033334,313,0.99997294,0.07080730473272467,3.0319683309691734,0.0,1539.9,500.0,3.0798
0.99997294,0.0,20,7.03967106e-07,78.31034414430829,7.03967105608605e-07,0,0.00330446,314,0.99997364,0.12495724405717112,2.9744680936261534,0.0,1481.7,500.0,2.9634
0.99997364,0.0,20,8.49070208e-07,90.58802349096705,8.490702079200219e-07,0,0.00329188,315,0.99997449,0.05468365150080956,2.978995797244434,0.0,1480.1,500.0,2.9602
0.99997449,0.0,20,7.27177789e-07,58.29331007928783,7.271777890949238e-07,0,0.00327587,316,0.99997522,0.06985064449446554,2.9238620418891177,0.0,1438.7,500.0,2.8774
0.99997522,0.0,20,2.87177699e-07,81.78630692236935,2.871776990653885e-07,0,0.00325248,317,0.99997551,0.10272935319287058,2.9626737923706687,0.0,1479.0,500.0,2.958
0.99997551,0.0,20,4.74312693e-07,93.80703598344849,4.7431269301068113e-07,0,0.00319158,318,0.99997598,0.27091080760359887,2.9849195366039605,0.0,1487.2,500.0,2.9744
0.99997598,0.0,20,3.42015706e-07,58.131832931707905,3.42015705534493e-07,0,0.00313103,319,0.99997632,0.27445616683989726,3.00385506308144,0.0,1503.7,500.0,3.0074
0.99997632,0.0,20,2.69408876e-07,80.11610325022055,2.6940887609683273e-07,0,0.0030953,320,0.99997659,0.16451330871663572,3.0112442544569515,0.0,1510.1,500.0,3.0202
0.99997659,0.0,20,3.66624068e-07,84.69616284106382,3.6662406754928156e-07,0,0.00307418,321,0.99997696,0.0980943611280054,2.984482427490569,0.0,1479.6,500.0,2.9592
0.99997696,0.0,20,2.85166813e-07,67.60207097419426,2.851668131631513e-07,0,0.00306303,322,0.99997724,0.05208686587567968,3.01285541637829,0.0,1516.6,500.0,3.0332
0.99997724,0.0,20,4.61857751e-07,82.95878494770763,4.618577507109478e-07,0,0.00305393,323,0.9999777,0.04261587259449584,2.9769214702440503,0.0,1490.8,500.0,2.9816
0.9999777,0.0,20,5.23503448e-07,66.58671038578194,5.235034479245115e-07,0,0.00304988,324,0.99997823,0.01901821911155821,3.0006609871826573,0.0,1497.1,500.0,2.9942
0.99997823,0.0,20,4.16271967e-07,86.55841957891792,4.162719670075532e-07,0,0.00305132,325,0.99997864,0.006777435948450261,2.980562067798622,0.0,1483.8,500.0,2.9676
0.99997864,0.0,20,5.32499825e-07,65.54052181665935,5.324998249012225e-07,0,0.00305317,326,0.99997918,0.008673784412721375,2.9820347147543402,0.0,1491.8,500.0,2.9836
0.99997918,0.0,20,4.83566696e-07,87.09741672403378,4.835666959079887e-07,0,0.00305569,327,0.99997966,0.011825035820322682,3.000797733936761,0.0,1498.2,500.0,2.9964
0.99997966,0.0,20,4.76928637e-07,68.76881560707585,4.769286373607073e-07,0,0.00306123,328,0.99998014,0.02595902538243422,2.985423085594402,0.0,1496.5,500.0,2.993
0.99998014,0.0,20,5.62664661e-07,98.65191331140011,5.626646609746544e-07,0,0.00306628,329,0.9999807,0.02360271349888876,2.9932931697379725,0.0,1493.0,500.0,2.986
0.9999807,0.0,20,5.00879694e-07,87.19288961836281,5.008796943872795e-07,0,0.00308828,330,0.9999812,0.10244786926888594,3.0151875563553254,0.0,1519.0,500.0,3.038
0.9999812,0.0,20,6.454233e-07,77.76753821486186,6.454233004715704e-07,0,0.00312271,331,0.99998185,0.15889438880887496,3.013089305015701,0.0,1511.1,500.0,3.0222
0.99998185,0.0,20,7.48908553e-07,83.96761280398532,7.489085526168893e-07,0,0.00314459,332,0.9999826,0.10007072046721532,2.9825944142641987,0.0,1479.2,500.0,2.9584
0.9999826,0.0,20,6.20391554e-07,52.95989048327045,6.203915535740734e-07,0,0.00315647,333,0.99998322,0.05402886539610563,3.0106595622886356,0.0,1513.5,500.0,3.027
0.99998322,0.0,20,6.56675757e-07,81.26961301741261,6.566757569936854e-07,0,0.00316505,334,0.99998387,0.03890302187380712,2.9965044635374736,0.0,1484.5,500.0,2.969
0.99998387,0.0,20,5.20562843e-07,72.57933590216984,5.205628429427733e-07,0,0.00316942,335,0.99998439,0.019753018896366825,2.9849983316578252,0.0,1493.2,500.0,2.9864
0.99998439,0.0,20,5.34507057e-07,82.64478204944339,5.34507056837441e-07,0,0.00315738,336,0.99998493,0.05450893664362866,3.0169352396098925,0.0,1511.2,500.0,3.0224
0.99998493,0.0,20,5.48949362e-07,45.38237543364164,5.489493618560104e-07,0,0.0031636,337,0.99998548,0.028170453359123826,3.0314109981986936,0.0,1532.2,500.0,3.0644
0.99998548,0.0,20,4.1863372e-07,87.30515448700609,4.1863371968986485e-07,0,0.00314415,338,0.9999859,0.08835916132836985,2.9852576371227992,0.0,1483.9,500.0,2.9678
0.9999859,0.0,20,5.15290339e-07,79.75029780508659,5.152903391758556e-07,0,0.00312499,339,0.99998641,0.08760919222177677,3.00146518220685,0.0,1501.3,500.0,3.0026
0.99998641,0.0,20,4.87074711e-07,68.28440524746482,4.870747105645279e-07,0,0.00308949,340,0.9999869,0.1637407296153981,2.996796129201985,0.0,1498.2,500.0,2.9964
0.9999869,0.0,20,5.78411439e-07,74.49798654997328,5.784114390783301e-07,0,0.00307082,341,0.99998748,0.08683377559512451,2.9648566575805986,0.0,1462.5,500.0,2.925
0.99998748,0.0,20,5.29620535e-07,70.39680390472283,5.296205349836214e-07,0,0.00308289,342,0.99998801,0.056218428467914805,3.0083666731301224,0.0,1505.7,500.0,3.0114
0.99998801,0.0,20,4.5743138e-07,76.18503790115223,4.5743137966347547e-07,0,0.00309589,343,0.99998846,0.060305253463084796,2.991070550822899,0.0,1486.8,500.0,2.9736
0.99998846,0.0,20,3.92075542e-07,88.40837064441354,3.9207554214382156e-07,0,0.00309016,344,0.99998886,0.026548260293765225,3.0366379039984333,0.0,1526.6,500.0,3.0532
0.99998886,0.0,20,3.10148632e-07,70.00249995535874,3.1014863210998556e-07,0,0.00309485,345,0.99998917,0.02171408056968005,2.9947819620132616,0.0,1495.5,500.0,2.991
0.99998917,0.0,20,3.10107075e-07,96.80883224169168,3.101070750188839e-07,0,0.00307214,346,0.99998948,0.1055422366845562,3.009657621723773,0.0,1509.5,500.0,3.019
0.99998948,0.0,20,2.85445021e-07,51.74707721214793,2.8544502084226764e-07,0,0.0030613,347,0.99998976,0.050661475938980516,2.986636476037886,0.0,1499.2,500.0,2.9984
0.99998976,0.0,20,2.29891534e-07,70.08594723623274,2.298915343645902e-07,0,0.00304175,348,0.99998999,0.09176531086227158,2.9602721766756517,0.0,1465.4,500.0,2.9308
0.99998999,0.0,20,3.22831084e-07,78.32873036121548,3.228310837544157e-07,0,0.00302606,349,0.99999031,0.07411888683998313,2.98789048661426,0.0,1481.9,500.0,2.9638
0.99999031,0.0,20,4.08955787e-07,87.98886293162333,4.0895578712341063e-07,0,0.00303134,350,0.99999072,0.02498914636494476,3.0200416156073078,0.0,1515.4,500.0,3.0308
0.99999072,0.0,20,3.73177381e-07,78.46400448613365,3.731773809967365e-07,0,0.00302611,351,0.9999911,0.024779411282978003,2.9626737923706687,0.0,1471.0,500.0,2.942
0.9999911,0.0,20,3.36158447e-07,74.41236456396209,3.3615844685641605e-07,0,0.00301653,352,0.99999143,0.04540903334979873,2.965400478856102,0.0,1480.0,500.0,2.96
0.99999143,0.0,20,3.98881184e-07,94.68136036200578,3.988811838606665e-07,0,0.00303303,353,0.99999183,0.07817767735711811,2.961164743812813,0.0,1467.2,500.0,2.9344
0.99999183,0.0,20,3.68424323e-07,73.94180143869907,3.68424322716443e-07,0,0.0030438,354,0.9999922,0.05076531763138803,2.960193770684615,0.0,1461.1,500.0,2.9222
0.9999922,0.0,20,3.15647156e-07,87.02246836306126,3.1564715563536794e-07,0,0.0029987,355,0.99999251,0.21390964670440837,3.016995797146559,0.0,1515.3,500.0,3.0306
0.99999251,0.0,20,2.56045613e-07,97.833072117766,2.560456132671973e-07,0,0.00291084,356,0.99999277,0.4260673442477696,2.948396927145326,0.0,1458.3,500.0,2.9166
0.99999277,0.0,20,2.02662555e-07,71.30385683818233,2.0266255473799788e-07,0,0.00282335,357,0.99999297,0.4372022438049896,2.987914215636051,0.0,1490.4,500.0,2.9808
0.99999297,0.0,20,1.93512839e-07,72.09687926672001,1.935128391972185e-07,0,0.00273424,358,0.99999317,0.4594249615812487,3.0010664504472406,0.0,1499.8,500.0,2.9996
0.99999317,0.0,20,1.39054798e-07,82.48902957363482,1.3905479756548544e-07,0,0.00265082,359,0.99999331,0.4438429758572511,3.0163466909491685,0.0,1514.6,500.0,3.0292
0.99999331,0.0,20,1.75033158e-07,98.46395279491881,1.7503315752342985e-07,0,0.00258505,360,0.99999348,0.3598738693729189,3.0019978347760348,0.0,1498.5,500.0,2.997
0.99999348,0.0,20,1.91660298e-07,69.27452634266076,1.9166029818773467e-07,0,0.00252215,361,0.99999367,0.35277472301049784,2.9922257668832413,0.0,1493.2,500.0,2.9864
0.99999367,0.0,20,2.33605891e-07,68.58862879515816,2.33605890964661e-07,0,0.0024681,362,0.99999391,0.31027237889945525,2.981961770378688,0.0,1476.0,500.0,2.952
0.99999391,0.0,20,2.78053553e-07,79.03290453981809,2.7805355329313386e-07,0,0.00241849,363,0.99999418,0.2907921398918347,2.96733617913441,0.0,1473.0,500.0,2.946
0.99999418,0.0,20,2.52560167e-07,70.30867656271165,2.5256016655816893e-07,0,0.00237992,364,0.99999444,0.23018844942832573,2.977020732208629,0.0,1488.3,500.0,2.9766
0.99999444,0.0,20,2.48761674e-07,68.78917065934142,2.4876167414866757e-07,0,0.00236766,365,0.99999469,0.07397137882273341,2.9896272342885823,0.0,1488.5,500.0,2.977
0.99999469,0.0,20,1.95408625e-07,87.77579392976175,1.9540862494782374e-07,0,0.00234719,366,0.99999488,0.12432011229594764,2.9947781153200648,0.0,1494.9,500.0,2.9898
0.99999488,0.0,20,1.80854865e-07,75.69015788066504,1.8085486463981226e-07,0,0.00234378,367,0.99999506,0.02083610308343964,2.9990498495356825,0.0,1485.0,500.0,2.97
0.99999506,0.0,20,2.20647326e-07,80.56419800382798,2.2064732585480584e-07,0,0.00233199,368,0.99999528,0.07219334100766162,2.9744966565790594,0.0,1482.9,500.0,2.9658
0.99999528,0.0,20,2.48069007e-07,72.52992485864024,2.4806900666973775e-07,0,0.00233786,369,0.99999553,0.035960259561150565,3.015696795103911,0.0,1513.9,500.0,3.0278
0.99999553,0.0,20,2.54806003e-07,95.39790354090597,2.54806002519814e-07,0,0.0023391,370,0.99999579,0.007621611751730484,2.9861064682961325,0.0,1480.2,500.0,2.9604
0.99999579,0.0,20,2.06258664e-07,59.28945943420297,2.062586637041619e-07,0,0.0023344,371,0.99999599,0.02882197475173598,2.9712863476952194,0.0,1470.6,500.0,2.9412
0.99999599,0.0,20,1.86435011e-07,65.85863648755569,1.8643501142889818e-07,0,0.00233379,372,0.99999618,0.0037272668888732596,2.9965132804644803,0.0,1494.8,500.0,2.9896
0.99999618,0.0,20,1.55760902e-07,64.60920986980108,1.557609016211714e-07,0,0.00234059,373,0.99999633,0.041683811460700326,2.9763452420712215,0.0,1481.5,500.0,2.963
0.99999633,0.0,20,1.66247221e-07,73.76286328498915,1.6624722110059054e-07,0,0.00234031,374,0.9999965,0.001713319367894428,2.9768854596708954,0.0,1476.8,500.0,2.9536
0.9999965,0.0,20,1.63544883e-07,69.66921845406334,1.6354488330261319e-07,0,0.00235534,375,0.99999666,0.09166884806806763,2.9978492290307064,0.0,1495.0,500.0,2.99
0.99999666,0.0,20,1.43627374e-07,65.82058948383857,1.4362737421613758e-07,0,0.00236298,376,0.99999681,0.04635761961901608,3.0006464303546325,0.0,1505.5,500.0,3.011
0.99999681,0.0,20,1.45016424e-07,56.9364558082078,1.450164236471707e-07,0,0.00237508,377,0.99999695,0.07310828940289582,2.9999990399998464,0.0,1498.8,500.0,2.9976
0.99999695,0.0,20,1.62509458e-07,66.24160324146752,1.6250945777951387e-07,0,0.00239074,378,0.99999712,0.09410612181910949,2.975607332965827,0.0,1484.5,500.0,2.969
0.99999712,0.0,20,1.38691901e-07,94.08990381544663,1.3869190074178306e-07,0,0.00238442,379,0.99999725,0.03789056902989785,3.0166083670241317,0.0,1504.3,500.0,3.0086
0.99999725,0.0,20,1.29170921e-07,72.31707958705191,1.2917092129249852e-07,0,0.00237776,380,0.99999738,0.0400127075947978,3.003919679352296,0.0,1510.8,500.0,3.0216
0.99999738,0.0,20,1.2817501e-07,55.03235412009921,1.2817501049422475e-07,0,0.00235802,381,0.99999751,0.11942401379563705,3.0055602872010403,0.0,1507.2,500.0,3.0144
0.99999751,0.0,20,1.34129194e-07,62.82865588248725,1.3412919441790905e-07,0,0.00233097,382,0.99999765,0.16522190701051898,2.971588019897778,0.0,1479.6,500.0,2.9592
0.99999765,0.0,20,1.04582255e-07,75.53403206502351,1.0458225485621142e-07,0,0.00230388,383,0.99999775,0.16735276096294172,2.9942275063862467,0.0,1492.9,500.0,2.9858
0.99999775,0.0,20,1.15303283e-07,102.69269691657728,1.1530328314357519e-07,0,0.00228381,384,0.99999787,0.12530779901236144,2.9942082693092673,0.0,1491.1,500.0,2.9822
0.99999787,0.0,20,9.09918841e-08,77.75570718603232,9.099188413852488e-08,0,0.00225671,385,0.99999796,0.17090188281984808,3.0072962940156063,0.0,1506.5,500.0,3.013
0.99999796,0.0,20,9.0448705e-08,81.17733673877211,9.044870497021407e-08,0,0.00221977,386,0.99999805,0.2362953570163029,2.9965132804644803,0.0,1494.8,500.0,2.9896
0.99999805,0.0,20,8.7867886e-08,79.52332991015906,8.786788596726325e-08,0,0.00218542,387,0.99999813,0.22331359382506832,3.0010408594352724,0.0,1493.8,500.0,2.9876
0.99999813,0.0,20,7.3496696e-08,69.34918889215649,7.349669595146935e-08,0,0.002136,388,0.99999821,0.32741470851856036,3.007239471674978,0.0,1511.3,500.0,3.0226
0.99999821,0.0,20,5.42918707e-08,83.35130472884032,5.4291870665856834e-08,0,0.00209787,389,0.99999826,0.2578659666472447,2.9757638615992366,0.0,1485.6,500.0,2.9712
0.99999826,0.0,20,4.59527164e-08,77.69530230329244,4.5952716409836114e-08,0,0.00206823,390,0.99999831,0.20371778388589235,2.9942783838514417,0.0,1486.8,500.0,2.9736
0.99999831,0.0,20,5.72761083e-08,70.17200296414518,5.7276108300641226e-08,0,0.00202303,391,0.99999837,0.31630960984833223,3.043347045606202,0.0,1543.7,500.0,3.0874
0.99999837,0.0,20,6.53928655e-08,84.26025160180806,6.53928654559266e-08,0,0.00198017,392,0.99999843,0.30654419888007567,2.996926151909653,0.0,1502.9,500.0,3.0058
0.99999843,0.0,20,4.06460976e-08,88.82206932964353,4.064609759879545e-08,0,0.00193953,393,0.99999847,0.2968227417821794,2.986095885935346,0.0,1497.2,500.0,2.9944
0.99999847,0.0,20,5.42991428e-08,80.10343313491626,5.4299142848712734e-08,0,0.00191774,394,0.99999853,0.16172109909553,2.981780515061429,0.0,1493.2,500.0,2.9864
0.99999853,0.0,20,4.52412229e-08,73.33559844986608,4.5241222879077725e-08,0,0.0018951,395,0.99999857,0.16994950257802088,2.9545738846744047,0.0,1457.3,500.0,2.9146
0.99999857,0.0,20,3.9319519e-08,60.23711480474476,3.9319518974068046e-08,0,0.00187374,396,0.99999861,0.16223825954929794,2.985006472354792,0.0,1484.7,500.0,2.9694
0.99999861,0.0,20,4.29843279e-08,104.14657939654091,4.298432787486206e-08,0,0.0018483,397,0.99999865,0.19563976053009924,3.010495979070558,0.0,1520.7,500.0,3.0414
0.99999865,0.0,20,4.12644687e-08,69.62614451483006,4.126446873087275e-08,0,0.00182068,398,0.99999869,0.2154924094754449,2.9761982460850955,0.0,1481.0,500.0,2.962
0.99999869,0.0,20,3.73575394e-08,89.45719646847871,3.7357539395266315e-08,0,0.00178483,399,0.99999873,0.28466756580240826,2.997188542617898,0.0,1503.9,500.0,3.0078
0.99999873,0.0,20,3.86333658e-08,60.97999672023606,3.8633365839757516e-08,0,0.00176222,400,0.99999877,0.18241546981019496,2.966789618425951,0.0,1472.8,500.0,2.9456
0.99999877,0.0,20,3.34443053e-08,93.68644512414802,3.344430532514764e-08,0,0.00175521,401,0.9999988,0.057038712778805234,2.9914663628394687,0.0,1486.5,500.0,2.973
0.9999988,0.0,20,3.06520509e-08,81.25170767436215,3.0652050897472805e-08,0,0.00175418,402,0.99999883,0.008432771459581545,2.990795907446712,0.0,1486.4,500.0,2.9728
0.99999883,0.0,20,3.29067994e-08,79.08830507729951,3.290679939649266e-08,0,0.00175012,403,0.99999887,0.033163524574121084,3.034796704888154,0.0,1533.2,500.0,3.0664
0.99999887,0.0,20,2.92498076e-08,91.63902007332904,2.924980757601503e-08,0,0.00176266,404,0.9999989,0.1022285129363496,2.9661335843147727,0.0,1473.3,500.0,2.9466
0.9999989,0.0,20,3.12040547e-08,57.949892148303434,3.120405467349485e-08,0,0.00177332,405,0.99999893,0.08627390049844053,2.9974655894605364,0.0,1500.1,500.0,3.0002
0.99999893,0.0,20,2.98232484e-08,89.70418050458963,2.982324842637496e-08,0,0.00177462,406,0.99999896,0.010438800570710782,3.0297033782203826,0.0,1520.6,500.0,3.0412
0.99999896,0.0,20,2.11328809e-08,68.37916349298229,2.11328808896738e-08,0,0.00177266,407,0.99999898,0.01580416728066325,2.993091184711886,0.0,1487.7,500.0,2.9754
0.99999898,0.0,20,1.21057294e-08,72.9975342049305,1.2105729418898648e-08,0,0.00177485,408,0.99999899,0.01772667989934007,2.9823007494214933,0.0,1491.6,500.0,2.9832
0.99999899,0.0,20,1.73538627e-08,102.46536000034352,1.735386268020278e-08,0,0.00178179,409,0.99999901,0.05580789347366988,2.9902225669672147,0.0,1493.5,500.0,2.987
0.99999901,0.0,20,1.00663399e-08,105.03765991300453,1.0066339872771835e-08,0,0.00178405,410,0.99999902,0.01816741771099828,2.99020474884246,0.0,1491.7,500.0,2.9834
0.99999902,0.0,20,8.65162275e-09,97.93977741449079,8.651622751543186e-09,0,0.00178999,411,0.99999903,0.047552469532490704,2.994661249624071,0.0,1501.0,500.0,3.002
0.99999903,0.0,20,8.11126499e-09,82.12161712971805,8.111264993004852e-09,0,0.00178618,412,0.99999904,0.030516109892573695,2.9645316392307235,0.0,1470.2,500.0,2.9404
0.99999904,0.0,20,1.48305761e-08,81.08144053974374,1.4830576100521853e-08,0,0.00178976,413,0.99999905,0.028667266072545772,3.0161107406724974,0.0,1513.0,500.0,3.026
0.99999905,0.0,20,2.5663187e-08,78.71842224028629,2.5663187019908662e-08,0,0.00179408,414,0.99999908,0.03452650248168254,3.0215667392927132,0.0,1523.1,500.0,3.0462
0.99999908,0.0,20,2.87737416e-08,86.75223340064508,2.877374161158741e-08,0,0.00179782,415,0.9999991,0.029806811436102976,2.9843215309346274,0.0,1492.5,500.0,2.985
0.9999991,0.0,20,1.19692468e-08,86.24726082606914,1.1969246815901613e-08,0,0.00180343,416,0.99999912,0.044560916647242266,2.9866377014964507,0.0,1485.9,500.0,2.9718
0.99999912,0.0,20,1.30050182e-08,66.40060240690592,1.3005018173473104e-08,0,0.00181749,417,0.99999913,0.1111687447550338,2.9838953332849996,0.0,1490.4,500.0,2.9808
0.99999913,0.0,20,5.58441571e-09,67.19494028570901,5.584415707637902e-09,0,0.00182831,418,0.99999914,0.08495194796715566,2.9707286378934037,0.0,1477.8,500.0,2.9556
0.99999914,0.0,20,2.45670551e-09,87.12858314009245,2.456705505693435e-09,0,0.00183503,419,0.99999914,0.05250348902312396,2.9872815669099557,0.0,1493.9,500.0,2.9878
0.99999914,0.0,20,1.2421348e-08,88.77589762993107,1.2421347950208883e-08,0,0.00183419,420,0.99999915,0.006535233397997331,2.995985554037268,0.0,1495.8,500.0,2.9916
0.99999915,0.0,20,1.07152077e-08,75.68487299322105,1.0715207721112563e-08,0,0.00182092,421,0.99999916,0.10395332785073208,2.9713128411528804,0.0,1465.0,500.0,2.93
0.99999916,0.0,20,3.6989567e-09,86.77004091274821,3.698956696496225e-09,0,0.00179542,422,0.99999916,0.20183655131972955,3.035833355110257,0.0,1533.6,500.0,3.0672
0.99999916,0.0,20,1.85719773e-09,51.355233423673575,1.8571977289383312e-09,0,0.00176499,423,0.99999917,0.24460152898927845,2.9909015095786757,0.0,1494.8,500.0,2.9896
0.99999917,0.0,20,1.99240513e-10,84.73228428409091,1.9924051297692813e-10,0,0.00174807,424,0.99999917,0.13786947071295685,3.0285890840455725,0.0,1530.2,500.0,3.0604
0.99999917,0.0,20,4.3685725e-09,54.65930844787555,4.368572503743451e-09,0,0.00173944,425,0.99999917,0.07081299598503676,2.9515737090575933,0.0,1464.6,500.0,2.9292
0.99999917,0.0,20,-3.33909234e-10,63.77295665091905,3.3390923359633007e-10,0,0.0017419,426,0.99999917,0.02024184113362537,3.0123739409309733,0.0,1500.9,500.0,3.0018
0.99999917,0.0,20,3.51377016e-09,109.90627825561195,3.5137701637211194e-09,0,0.00172396,427,0.99999917,0.14821759598842732,3.0014655020506233,0.0,1498.9,500.0,2.9978
0.99999917,0.0,20,2.98103264e-09,94.79852319524814,2.9810326429569045e-09,0,0.00170342,428,0.99999918,0.17148812999232632,2.974920207333299,0.0,1483.8,500.0,2.9676
0.99999918,0.0,20,8.65295513e-09,105.83307611517299,8.652955130195039e-09,0,0.00168898,429,0.99999919,0.12186548503079564,2.990337399023729,0.0,1491.6,500.0,2.9832
0.99999919,0.0,20,5.56089286e-10,61.45722089388683,5.560892857303656e-10,0,0.0016748,430,0.99999919,0.12063851355064514,2.9614931301625536,0.0,1471.9,500.0,2.9438
0.99999919,0.0,20,5.15433241e-09,75.4768838784432,5.1543324053326955e-09,0,0.00167643,431,0.99999919,0.013938276598992161,3.005059174126193,0.0,1502.2,500.0,3.0044
0.99999919,0.0,20,1.21343987e-08,67.36015142500794,1.2134398708063543e-08,0,0.0016759,432,0.9999992,0.004517710948334752,2.9836493024482618,0.0,1483.9,500.0,2.9678
0.9999992,0.0,20,1.92552824e-08,84.52662302493812,1.925528236856877e-08,0,0.00167658,433,0.99999922,0.005838603512316354,2.973186674260465,0.0,1484.5,500.0,2.969
0.99999922,0.0,20,1.51814773e-08,69.9670636799916,1.518147729751007e-08,0,0.00167259,434,0.99999924,0.034127962820491575,2.942169260936563,0.0,1449.9,500.0,2.8998
0.99999924,0.0,20,6.34258712e-09,70.70636463572427,6.342587122176724e-09,0,0.00166588,435,0.99999924,0.05754605018641712,3.0139645585175683,0.0,1502.1,500.0,3.0042
0.99999924,0.0,20,9.19944909e-09,91.199725876781,9.199449091390477e-09,0,0.0016571,436,0.99999925,0.07557904302589691,2.959302613792649,0.0,1464.9,500.0,2.9298
0.99999925,0.0,20,1.54833006e-08,81.34094909699542,1.5483300641605524e-08,0,0.00164425,437,0.99999927,0.1113739297723555,2.9899817725196924,0.0,1498.5,500.0,2.997
0.99999927,0.0,20,1.70803938e-08,74.1029014276769,1.708039376602244e-08,0,0.00164074,438,0.99999929,0.030633168441127623,3.0142602674619856,0.0,1512.6,500.0,3.0252
0.99999929,0.0,20,2.47361086e-08,74.99573321196347,2.473610860587172e-08,0,0.00164005,439,0.99999931,0.00595159318493188,2.9779176348582914,0.0,1485.8,500.0,2.9716
0.99999931,0.0,20,3.06768568e-08,91.73657939993184,3.067685683255661e-08,0,0.00164213,440,0.99999934,0.01807785567250164,2.9529944124566168,0.0,1466.0,500.0,2.932
0.99999934,0.0,20,3.13777595e-08,85.46221387256475,3.137775950179389e-08,0,0.00164517,441,0.99999937,0.02645114022439543,2.9890113348731218,0.0,1484.1,500.0,2.9682
0.99999937,0.0,20,2.81625442e-08,80.90760162061412,2.8162544185583727e-08,0,0.00164753,442,0.9999994,0.02054038081581666,2.997864600011148,0.0,1498.6,500.0,2.9972
0.9999994,0.0,20,2.12410357e-08,78.0929574289513,2.1241035708108313e-08,0,0.00164613,443,0.99999942,0.0121711853716846,2.996118495654002,0.0,1495.7,500.0,2.9914
0.99999942,0.0,20,1.42600914e-08,66.46645770612422,1.4260091441009592e-08,0,0.00164057,444,0.99999944,0.04841184643102281,2.9862013260997657,0.0,1492.9,500.0,2.9858
0.99999944,0.0,20,1.01532369e-08,78.54495528039976,1.0153236917886943e-08,0,0.00164486,445,0.99999945,0.03738343101673536,3.012886927848438,0.0,1505.3,500.0,3.0106
0.99999945,0.0,20,8.29153635e-09,67.91546215700811,8.291536346405337e-09,0,0.00165253,446,0.99999945,0.06657977189875908,2.988519573300466,0.0,1486.3,500.0,2.9726
0.99999945,0.0,20,7.89124821e-09,82.26323601706902,7.891248210434298e-09,0,0.00165641,447,0.99999946,0.03355354981221126,2.984188492706183,0.0,1492.6,500.0,2.9852
0.99999946,0.0,20,5.63958391e-09,75.96176669878078,5.639583910976853e-09,0,0.00164832,448,0.99999947,0.07003886489538047,2.9679692653395184,0.0,1471.9,500.0,2.9438
0.99999947,0.0,20,4.08040679e-09,73.48598505837694,4.080406790230029e-09,0,0.00164495,449,0.99999947,0.029355557422547918,2.982684690006639,0.0,1490.1,500.0,2.9802
0.99999947,0.0,20,4.79795326e-09,71.28948028987166,4.7979532569186745e-09,0,0.00164109,450,0.99999948,0.03355025527446287,2.948914098443696,0.0,1462.9,500.0,2.9258
0.99999948,0.0,20,3.06288561e-09,65.58383947284575,3.0628856118042336e-09,0,0.00163444,451,0.99999948,0.058097316307467395,2.99516706712664,0.0,1493.4,500.0,2.9868
0.99999948,0.0,20,4.83134543e-09,79.36113658460292,4.831345434830325e-09,0,0.00163949,452,0.99999949,0.04407718464712218,2.988471709754001,0.0,1483.9,500.0,2.9678
0.99999949,0.0,20,8.17796286e-09,80.50459614208371,8.177962862454535e-09,0,0.00164983,453,0.99999949,0.08999555057076236,3.007323587510995,0.0,1501.1,500.0,3.0022
0.99999949,0.0,20,5.50896351e-09,75.69253595963079,5.508963507594444e-09,0,0.0016573,454,0.9999995,0.06464403364942939,3.01537563829119,0.0,1508.8,500.0,3.0176
0.9999995,0.0,20,6.29963859e-10,59.74077334618293,6.29963858855831e-10,0,0.00167084,455,0.9999995,0.11641405196355947,2.9566506455785406,0.0,1463.2,500.0,2.9264
0.9999995,0.0,20,-4.47776916e-09,89.43349484393417,4.477769155464273e-09,0,0.0017004,456,0.9999995,0.25096302552110217,2.960457903770969,0.0,1466.5,500.0,2.933
0.9999995,0.0,20,2.28878727e-09,66.97730959063675,2.2887872708210466e-09,0,0.00172773,457,0.9999995,0.22821002157947134,2.996508875341436,0.0,1494.2,500.0,2.9884
0.9999995,0.0,20,1.5812931e-09,94.75336405637533,1.5812930964642646e-09,0,0.00175824,458,0.9999995,0.2504422464919145,2.989029942974811,0.0,1495.0,500.0,2.99
0.9999995,0.0,20,-4.46175319e-10,55.02508518848471,4.461753189133333e-10,0,0.00178896,459,0.9999995,0.24792225050921957,3.0381969389754837,0.0,1527.2,500.0,3.0544
0.9999995,0.0,20,1.40510481e-09,79.15118445102385,1.4051048102814434e-09,0,0.00181551,460,0.9999995,0.21085102357170626,2.9899784012597816,0.0,1497.3,500.0,2.9946
0.9999995,0.0,20,-1.7452142e-09,57.96714586729279,1.7452141953810951e-09,0,0.00184248,461,0.9999995,0.21100997083233608,2.9861820373178856,0.0,1491.1,500.0,2.9822
0.9999995,0.0,20,-3.58727514e-09,67.38983602888496,3.587275143601687e-09,0,0.00186825,462,0.99999949,0.19880477127759377,3.0198945610732837,0.0,1516.1,500.0,3.0322
0.99999949,0.0,20,-7.17544868e-09,60.69357461873538,7.175448679674901e-09,0,0.00189316,463,0.99999949,0.18957440371757173,2.965709028208938,0.0,1469.3,500.0,2.9386
0.99999949,0.0,20,-1.02176639e-08,60.94349842271938,1.0217663937162058e-08,0,0.0019204,464,0.99999948,0.2044746818448573,2.957105280506597,0.0,1470.3,500.0,2.9406
0.99999948,0.0,20,-1.30438645e-08,85.38407345635366,1.3043864544037831e-08,0,0.00194848,465,0.99999946,0.20780167681925832,2.989010030093576,0.0,1492.6,500.0,2.9852
0.99999946,0.0,20,-1.5146622e-08,77.22926906296601,1.5146621956674267e-08,0,0.00199208,466,0.99999945,0.31676658846623695,2.9819864251870767,0.0,1488.2,500.0,2.9764
0.99999945,0.0,20,-1.18964424e-08,64.46169405158385,1.1896442386749584e-08,0,0.00202557,467,0.99999944,0.2386292519246922,2.988630395348344,0.0,1495.3,500.0,2.9906
0.99999944,0.0,20,-1.62109991e-08,90.04504428340296,1.6210999098653645e-08,0,0.00204875,468,0.99999942,0.16285133168508992,2.9618177594173485,0.0,1466.7,500.0,2.9334
0.99999942,0.0,20,-1.53327848e-08,93.4996791438345,1.5332784819577228e-08,0,0.00207576,469,0.99999941,0.18749188060330368,2.965280148653749,0.0,1472.1,500.0,2.9442
0.99999941,0.0,20,-1.38896631e-08,65.2026839938357,1.3889663086352755e-08,0,0.00210398,470,0.99999939,0.19336435726754075,2.997195749363061,0.0,1497.9,500.0,2.9958
0.99999939,0.0,20,-1.28655191e-08,87.17935535434981,1.2865519094518163e-08,0,0.00212058,471,0.99999938,0.11246194704781942,3.021533279644624,0.0,1519.6,500.0,3.0392
0.99999938,0.0,20,-1.11746477e-08,62.526394426673924,1.117464765165721e-08,0,0.0021534,472,0.99999937,0.21987655087004043,2.9904981190430466,0.0,1494.5,500.0,2.989
0.99999937,0.0,20,-2.27564814e-08,91.42926227417567,2.2756481365959758e-08,0,0.00218839,473,0.99999934,0.23078368294480356,2.9950478527061963,0.0,1495.3,500.0,2.9906
0.99999934,0.0,20,-2.47775276e-08,79.35609617414406,2.477752758522911e-08,0,0.002214,474,0.99999932,0.1665823024244446,2.9853975212691526,0.0,1492.9,500.0,2.9858
0.99999932,0.0,20,-2.46894465e-08,90.65627391416437,2.4689446487258238e-08,0,0.00222085,475,0.9999993,0.0442288389902501,3.0261934901787093,0.0,1523.2,500.0,3.0464
0.9999993,0.0,20,-2.00544819e-08,74.09797568085109,2.005448185293801e-08,0,0.00223342,476,0.99999928,0.08078139010714835,2.98076413692865,0.0,1487.3,500.0,2.9746
0.99999928,0.0,20,-1.33616425e-08,67.02917275336166,1.3361642459130962e-08,0,0.00223546,477,0.99999926,0.013117430826397936,2.987198493572196,0.0,1487.3,500.0,2.9746
0.99999926,0.0,20,-8.89170571e-09,95.16385868595283,8.891705705060815e-09,0,0.00226283,478,0.99999925,0.174199702336864,2.9868207579297423,0.0,1488.8,500.0,2.9776
0.99999925,0.0,20,-4.97396246e-09,75.95860714889393,4.973962464127624e-09,0,0.00228491,479,0.99999925,0.13902435457033846,2.998180988532881,0.0,1488.7,500.0,2.9774
0.99999925,0.0,20,-6.95948266e-09,79.43015800059824,6.9594826568319945e-09,0,0.00227025,480,0.99999924,0.09212453235750218,3.0517193514476393,0.0,1548.5,500.0,3.097
0.99999924,0.0,20,5.09935016e-09,78.08738694565213,5.099350164350369e-09,0,0.00225614,481,0.99999925,0.0892903885134615,2.9862627078005044,0.0,1487.4,500.0,2.9748
0.99999925,0.0,20,3.41407247e-09,73.15873153629715,3.4140724691766877e-09,0,0.00225348,482,0.99999925,0.01685219705022689,2.985752166540284,0.0,1489.0,500.0,2.978
0.99999925,0.0,20,4.27511415e-09,96.55728869432902,4.27511415157511e-09,0,0.00222877,483,0.99999925,0.1579160417395684,3.001977688124947,0.0,1505.7,500.0,3.0114
0.99999925,0.0,20,7.72678055e-09,79.07237191333013,7.726780548722445e-09,0,0.00221416,484,0.99999926,0.09411173049687704,2.9774993803525804,0.0,1479.4,500.0,2.9588
0.99999926,0.0,20,1.33257966e-08,68.22748712945538,1.3325796577312587e-08,0,0.00217292,485,0.99999927,0.26918866271016384,3.0078148812717846,0.0,1507.9,500.0,3.0158
0.99999927,0.0,20,1.36033884e-08,80.95399928354374,1.3603388415717177e-08,0,0.00214461,486,0.99999929,0.18779888180459636,3.0064981290531354,0.0,1506.5,500.0,3.013
0.99999929,0.0,20,7.74323616e-09,62.85626460425404,7.743236163371137e-09,0,0.00212466,487,0.9999993,0.13374995292582526,2.9687515962100965,0.0,1479.3,500.0,2.9586
0.9999993,0.0,20,1.9264652e-08,80.8799109791795,1.9264651984762793e-08,0,0.00211027,488,0.99999932,0.09732631782453893,3.0295863480019842,0.0,1514.2,500.0,3.0284
0.99999932,0.0,20,1.76805802e-08,111.14225119188472,1.7680580222112496e-08,0,0.00206973,489,0.99999933,0.2776510597015118,2.9978492290307064,0.0,1495.0,500.0,2.99
0.99999933,0.0,20,1.12641347e-08,80.7093550959243,1.1264134736066467e-08,0,0.00203827,490,0.99999934,0.21929309855528345,3.004995840263344,0.0,1510.0,500.0,3.02
0.99999934,0.0,20,1.61763852e-08,75.96551849359024,1.6176385231325696e-08,0,0.00199577,491,0.99999936,0.30160341816340974,2.9672829052855745,0.0,1479.8,500.0,2.9596
0.99999936,0.0,20,1.50708582e-08,75.28452696271658,1.50708582280501e-08,0,0.00198115,492,0.99999938,0.10523754553237552,2.956527260148298,0.0,1460.8,500.0,2.9216
0.99999938,0.0,20,1.32446074e-08,72.21606469477551,1.3244607410811682e-08,0,0.00196807,493,0.99999939,0.0948111012452415,2.9885166621586703,0.0,1480.2,500.0,2.9604
0.99999939,0.0,20,1.2170742e-08,81.8410043926637,1.217074196979695e-08,0,0.00194293,494,0.9999994,0.1840683829675953,3.027697309837957,0.0,1521.5,500.0,3.043
0.9999994,0.0,20,5.50351331e-09,88.92755478477972,5.503513311744257e-09,0,0.00192309,495,0.99999941,0.14691807550843805,3.0178890039231066,0.0,1509.3,500.0,3.0186
0.99999941,0.0,20,1.04484162e-08,108.26707717491962,1.044841624331383e-08,0,0.00191584,496,0.99999942,0.05407488461975163,2.986482184778607,0.0,1484.8,500.0,2.9696
0.99999942,0.0,20,9.4284931e-09,74.36396977031282,9.428493097374258e-09,0,0.00191531,497,0.99999943,0.0038906761396049205,2.9918930462167257,0.0,1488.0,500.0,2.976
0.99999943,0.0,20,5.6506233e-09,80.5403625519528,5.650623302599911e-09,0,0.00190354,498,0.99999943,0.08824980642447144,2.98858478213351,0.0,1490.5,500.0,2.981
0.99999943,0.0,20,3.76056641e-09,63.826248518928324,3.760566413824051e-09,0,0.001879,499,0.99999944,0.1857148626951357,2.9862238295211565,0.0,1495.9,500.0,2.9918
0.99999944,0.0,20,-2.71925504e-09,84.92090437577782,2.7192550433596807e-09,0,0.00184982,500,0.99999943,0.22404554457558845,2.998929915819975,0.0,1497.8,500.0,2.9956
0.99999943,0.0,20,-1.31942812e-09,73.07530362578044,1.3194281223150028e-09,0,0.00182201,501,0.99999943,0.21680607356249482,2.9981300839022977,0.0,1502.0,500.0,3.004
0.99999943,0.0,20,4.51581106e-10,84.00476176979494,4.5158110584253564e-10,0,0.00179292,502,0.99999943,0.23030086387180404,3.0002239916379576,0.0,1492.0,500.0,2.984
0.99999943,0.0,20,2.21384688e-10,82.28553943433803,2.2138468835919412e-10,0,0.00177083,503,0.99999943,0.17739999954264363,2.954022823202285,0.0,1452.7,500.0,2.9054
0.99999943,0.0,20,-5.39983891e-09,84.43601127481094,5.3998389093479204e-09,0,0.00177331,504,0.99999943,0.02000671050163305,2.989033716772027,0.0,1495.6,500.0,2.9912
0.99999943,0.0,20,1.80331083e-10,98.90682484035165,1.8033108339921e-10,0,0.00176177,505,0.99999943,0.09340556045906112,3.003163771758044,0.0,1492.8,500.0,2.9856
0.99999943,0.0,20,-7.68274333e-10,81.81314075379335,7.682743330406083e-10,0,0.00175118,506,0.99999943,0.0862883080036454,2.963304905000496,0.0,1469.9,500.0,2.9398
0.99999943,0.0,20,-4.72577477e-09,66.82058066194875,4.725774771507929e-09,0,0.00174974,507,0.99999942,0.011807018274353709,2.9757002470006957,0.0,1489.9,500.0,2.9798
0.99999942,0.0,20,1.13476095e-09,68.49021827969305,1.1347609518708168e-09,0,0.00174775,508,0.99999942,0.016262806453894996,3.0198815274775264,0.0,1516.7,500.0,3.0334
0.99999942,0.0,20,5.79872284e-09,101.03123279461653,5.798722835237413e-09,0,0.00173628,509,0.99999943,0.09424712571576777,2.9888771871724673,0.0,1492.7,500.0,2.9854
0.99999943,0.0,20,1.17495594e-08,92.75559282329017,1.1749559436502466e-08,0,0.00172403,510,0.99999944,0.10128455973347172,2.9910907709395915,0.0,1488.0,500.0,2.976
0.99999944,0.0,20,1.15835614e-08,90.41482179377451,1.1583561443373469e-08,0,0.00171472,511,0.99999945,0.07754137712664999,3.003456968228445,0.0,1503.4,500.0,3.0068
0.99999945,0.0,20,1.40194854e-08,74.72208508868044,1.401948535040276e-08,0,0.00169697,512,0.99999947,0.148921753542254,3.006458374898944,0.0,1510.1,500.0,3.0202
0.99999947,0.0,20,1.69365052e-08,81.21206806872978,1.6936505198295038e-08,0,0.00168042,513,0.99999948,0.140187371591864,2.973396038202782,0.0,1477.0,500.0,2.954
0.99999948,0.0,20,1.89635384e-08,79.89862326723784,1.8963538406246983e-08,0,0.00166557,514,0.9999995,0.12704933294000398,3.0175094299769802,0.0,1516.1,500.0,3.0322
0.9999995,0.0,20,1.85239345e-08,90.2624506647144,1.8523934497416406e-08,0,0.00165221,515,0.99999952,0.11520368565575723,2.971752015226035,0.0,1480.7,500.0,2.9614
0.99999952,0.0,20,1.41359213e-08,76.7189024947568,1.4135921322377953e-08,0,0.00163299,516,0.99999953,0.16742837397139,3.039156192103328,0.0,1532.9,500.0,3.0658
0.99999953,0.0,20,1.47492063e-08,68.5054742338158,1.474920630073484e-08,0,0.00162371,517,0.99999955,0.08158920394707536,2.9871665504286833,0.0,1497.0,500.0,2.994
0.99999955,0.0,20,7.56058693e-09,77.55069309812775,7.56058693429651e-09,0,0.001613,518,0.99999956,0.09469768889400143,2.9985326478129264,0.0,1499.3,500.0,2.9986
0.99999956,0.0,20,1.10258583e-08,93.93077238051437,1.1025858337454508e-08,0,0.00161373,519,0.99999957,0.0064943333259464,3.001996395734012,0.0,1497.9,500.0,2.9958
0.99999957,0.0,20,6.05967199e-09,100.12567103395612,6.059671986413662e-09,0,0.00160025,520,0.99999957,0.12003108951250852,2.9796373940464638,0.0,1484.5,500.0,2.969
0.99999957,0.0,20,8.44792503e-09,63.72840810815849,8.447925026189296e-09,0,0.00158923,521,0.99999958,0.09890981209333916,3.017556832936208,0.0,1513.7,500.0,3.0274
0.99999958,0.0,20,8.67049343e-09,81.78997493580738,8.670493434337345e-09,0,0.00157136,522,0.99999959,0.1617873951309008,2.9820127430981915,0.0,1490.0,500.0,2.98
0.99999959,0.0,20,1.11182875e-08,67.17916343629176,1.1118287512879022e-08,0,0.00155715,523,0.9999996,0.12993164791943457,3.0145289781324047,0.0,1512.4,500.0,3.0248
0.9999996,0.0,20,8.70150774e-09,68.76161720029569,8.701507736574854e-09,0,0.00155681,524,0.99999961,0.0031086416535686112,3.0118603951710643,0.0,1513.2,500.0,3.0264
0.99999961,0.0,20,6.98194258e-09,91.74415512717964,6.981942579642464e-09,0,0.0015631,525,0.99999962,0.05769089482889456,2.9907540119508327,0.0,1493.1,500.0,2.9862
0.99999962,0.0,20,1.00424897e-08,87.54764417161662,1.004248972868993e-08,0,0.00156495,526,0.99999963,0.016840612016721934,2.9741249402135073,0.0,1478.9,500.0,2.9578
0.99999963,0.0,20,9.91704852e-09,80.70260218852921,9.917048515717397e-09,0,0.00156314,527,0.99999964,0.016523970830718326,2.9936639156725664,0.0,1490.3,500.0,2.9806
0.99999964,0.0,20,7.98781852e-09,81.40092137070685,7.987818517740664e-09,0,0.00156862,528,0.99999965,0.05007939402898387,2.9871285944866854,0.0,1483.7,500.0,2.9674
0.99999965,0.0,20,7.09558889e-09,55.741905241927284,7.095588894223681e-09,0,0.00158077,529,0.99999965,0.11042129874256545,3.008121247556355,0.0,1514.2,500.0,3.0284
0.99999965,0.0,20,4.89239982e-09,70.209970801874,4.892399818601234e-09,0,0.00158374,530,0.99999966,0.02687115299086429,3.0164438930634856,0.0,1521.6,500.0,3.0432
0.99999966,0.0,20,5.79346993e-09,64.59071140651727,5.793469926018702e-09,0,0.00158354,531,0.99999966,0.0018446253108805877,2.9858889195681746,0.0,1482.2,500.0,2.9644
0.99999966,0.0,20,4.09828249e-09,86.96775264429914,4.098282491149519e-09,0,0.0015852,532,0.99999967,0.015009976116203916,3.0336902874222345,0.0,1524.1,500.0,3.0482
0.99999967,0.0,20,9.53459889e-09,78.99943037769323,9.534598888194523e-09,0,0.00159364,533,0.99999968,0.07597803624865662,2.9648996677796706,0.0,1469.3,500.0,2.9386
0.99999968,0.0,20,8.24453406e-09,64.62228717710323,8.244534055457109e-09,0,0.00160705,534,0.99999969,0.11987718134032832,2.980754025410349,0.0,1480.6,500.0,2.9612
0.99999969,0.0,20,1.07978451e-08,95.42300561185442,1.079784506252679e-08,0,0.00161972,535,0.9999997,0.11238277047284839,2.9730373357897815,0.0,1478.5,500.0,2.957
0.9999997,0.0,20,8.98419728e-09,89.99133291600921,8.984197275019312e-09,0,0.00163768,536,0.99999971,0.1577965920981228,2.979565364277146,0.0,1476.6,500.0,2.9532
0.99999971,0.0,20,5.79071568e-09,97.78604194873621,5.790715684739212e-09,0,0.00163399,537,0.99999971,0.03229713927758837,2.9990645941693224,0.0,1498.3,500.0,2.9966
0.99999971,0.0,20,6.03374051e-09,102.76069287426978,6.033740507227492e-09,0,0.00164974,538,0.99999972,0.137252370510609,2.9926748971446933,0.0,1486.8,500.0,2.9736
0.99999972,0.0,20,2.93535696e-09,80.44849283858586,2.935356957500801e-09,0,0.00166212,539,0.99999972,0.10702834664330396,3.0160890968272147,0.0,1514.2,500.0,3.0284
0.99999972,0.0,20,2.30100439e-09,58.217179595030196,2.3010043870286268e-09,0,0.00166965,540,0.99999972,0.06460887577395624,2.9871562664179456,0.0,1479.4,500.0,2.9588
0.99999972,0.0,20,-7.13952564e-10,94.04950823901207,7.139525637356314e-10,0,0.00168808,541,0.99999972,0.15713248969149163,2.9705788728798295,0.0,1477.3,500.0,2.9546
0.99999972,0.0,20,-2.22619645e-09,60.537261252884576,2.226196449406359e-09,0,0.00169443,542,0.99999972,0.05369252148383907,3.0205546245681436,0.0,1516.2,500.0,3.0324
0.99999972,0.0,20,-1.11607079e-09,77.97794560002207,1.1160707913404622e-09,0,0.00170002,543,0.99999972,0.04714023880195839,3.02329261567583,0.0,1511.2,500.0,3.0224
0.99999972,0.0,20,-2.65275468e-10,77.62705713860342,2.652754682586078e-10,0,0.00169545,544,0.99999972,0.038512410296007715,2.95957507760827,0.0,1462.2,500.0,2.9244
0.99999972,0.0,20,-5.3710647e-10,100.30034895253357,5.371064704107198e-10,0,0.00167494,545,0.99999972,0.17418611995643118,3.0108572599842724,0.0,1509.2,500.0,3.0184
0.99999972,0.0,20,2.03026862e-09,69.8,2.0302686198903075e-09,0,0.00166269,546,0.99999972,0.1050320173424808,3.0055753791911464,0.0,1505.4,500.0,3.0108
0.99999972,0.0,20,4.12354428e-09,85.43746250913588,4.1235442838072345e-09,0,0.00164495,547,0.99999972,0.15348431312840205,3.021349076157868,0.0,1516.2,500.0,3.0324
0.99999972,0.0,20,1.02996001e-09,58.637445374095215,1.0299600061713932e-09,0,0.00162888,548,0.99999972,0.14044440277046988,2.995241392609283,0.0,1488.5,500.0,2.977
0.99999972,0.0,20,-9.44550993e-10,73.36286526574598,9.445509929761897e-10,0,0.0016128,549,0.99999972,0.142002446891496,2.9944655015544925,0.0,1490.3,500.0,2.9806
0.99999972,0.0,20,-1.77445203e-09,65.72366392708186,1.774452029756901e-09,0,0.00160559,550,0.99999972,0.06404783392430602,2.9935691072697823,0.0,1494.0,500.0,2.988
0.99999972,0.0,20,8.91222318e-10,92.37505074423504,8.9122231816674e-10,0,0.00160452,551,0.99999972,0.009589311075998808,3.0191122867492024,0.0,1515.5,500.0,3.031
0.99999972,0.0,20,4.72221984e-09,86.77758927280706,4.722219837383079e-09,0,0.00160743,552,0.99999973,0.025920472765946556,2.978682762564688,0.0,1478.5,500.0,2.957
0.99999973,0.0,20,4.24226576e-09,76.49418278535957,4.242265760900921e-09,0,0.00160991,553,0.99999973,0.022121997266893345,3.002101770426845,0.0,1506.8,500.0,3.0136
0.99999973,0.0,20,4.12063605e-09,75.42274192841307,4.120636054594229e-09,0,0.00160026,554,0.99999974,0.08604181323677551,2.976577894159668,0.0,1480.1,500.0,2.9602
0.99999974,0.0,20,3.95158417e-09,75.70574614915303,3.951584170991396e-09,0,0.00159481,555,0.99999974,0.04882933015132096,2.960980486257889,0.0,1469.2,500.0,2.9384
0.99999974,0.0,20,4.27100666e-09,83.13507081851799,4.271006659450904e-09,0,0.00158784,556,0.99999974,0.06267234839147307,3.0143570060628186,0.0,1503.6,500.0,3.0072
0.99999974,0.0,20,4.40308479e-09,73.74794912402649,4.403084785664646e-09,0,0.00157574,557,0.99999975,0.10947220483647868,3.002387290140964,0.0,1495.8,500.0,2.9916
0.99999975,0.0,20,3.46654105e-09,69.02637177195395,3.4665410542089603e-09,0,0.00157227,558,0.99999975,0.031513396198079136,2.993788128775982,0.0,1489.6,500.0,2.9792
0.99999975,0.0,20,4.46496817e-09,109.43724228981651,4.464968172968042e-09,0,0.00157332,559,0.99999976,0.009501216199581108,3.0297127982698293,0.0,1524.7,500.0,3.0494
0.99999976,0.0,20,6.10697626e-09,78.13347554025738,6.106976258024588e-09,0,0.00157017,560,0.99999976,0.028658263508162918,3.005489138226921,0.0,1512.6,500.0,3.0252
0.99999976,0.0,20,6.75772138e-09,93.29222904400987,6.757721382477655e-09,0,0.00157267,561,0.99999977,0.02280765243715166,2.9895780571846586,0.0,1497.6,500.0,2.9952
0.99999977,0.0,20,6.17328266e-09,100.81686366873352,6.1732826628357884e-09,0,0.00157766,562,0.99999978,0.04534988570864584,3.022084869754653,0.0,1527.4,500.0,3.0548
0.99999978,0.0,20,8.49884763e-09,86.8812407830367,8.498847625659778e-09,0,0.00158735,563,0.99999978,0.08761300952608053,2.9877816185256916,0.0,1490.5,500.0,2.981
0.99999978,0.0,20,7.68368713e-09,78.2183482310896,7.683687130999317e-09,0,0.00160285,564,0.99999979,0.13896684429936101,3.0161333591205812,0.0,1518.3,500.0,3.0366
