iterations;evaluations;p_advantages;m_advantages;p_dist_sup;p_dist_mean;m_dist_sup;m_dist_mean;alfa;beta;p_change;m_change;bound;average_reward;w_current_0;w_current_1;w_target_0;w_target_1;theta_current_0;theta_current_1;theta_target_0;theta_target_1
0.000000000000000000000000000000e+00;2.038709164741304391554876929149e+02;nan;2.628967614826505094782760352246e-01;nan;nan;1.600000000000000088817841970013e+00;9.600000000000161737290227392805e-01;nan;1.757869260008903945064449858560e-05;nan;1.000000000000000000000000000000e+00;2.310690677831220662914258126563e-06;2.057604725200035566956557886442e+00;8.000035157385200212942777397984e-01;1.999964842614799787057222602016e-01;1.000000000000000000000000000000e+00;0.000000000000000000000000000000e+00;2.000000000000000111022302462516e-01;8.000000000000000444089209850063e-01;nan;nan
9.800000000000000000000000000000e+01;2.039159955294848600715340580791e+02;nan;2.629669392828695162478425118024e-01;nan;nan;1.597240940803973607842181081651e+00;9.583445644823982423332608959754e-01;nan;1.764418428501267758806876628785e-05;nan;1.000000000000000000000000000000e+00;2.319918568786345608424229874922e-06;2.058068722646015480393089092104e+00;8.003484051511918773158527073974e-01;1.996515948488084002399034488917e-01;1.000000000000000000000000000000e+00;0.000000000000000000000000000000e+00;2.000000000000000111022302462516e-01;8.000000000000000444089209850063e-01;nan;nan
1.980000000000000000000000000000e+02;2.039621801504519282843830296770e+02;nan;2.630368235403116039528015335236e-01;nan;nan;1.594419900821949065417015845014e+00;9.566519404931835834915432315029e-01;nan;1.771138156019836789071761340431e-05;nan;1.000000000000000000000000000000e+00;2.329372773052513402326215916083e-06;2.058544088085305645563494181260e+00;8.007010423196603277062877168646e-01;1.992989576803398110715903612800e-01;1.000000000000000000000000000000e+00;0.000000000000000000000000000000e+00;2.000000000000000111022302462516e-01;8.000000000000000444089209850063e-01;nan;nan
2.980000000000000000000000000000e+02;2.040085529897480398631159914657e+02;nan;2.631049534520415456029240885982e-01;nan;nan;1.591593118489413871685655976762e+00;9.549558710936567607063807372469e-01;nan;1.777895455557736471038747516626e-05;nan;1.000000000000000000000000000000e+00;2.338865505385572234747781905639e-06;2.059021379100598014844081262709e+00;8.010543972965390446816513758677e-01;1.989456027034610940962267022769e-01;1.000000000000000000000000000000e+00;0.000000000000000000000000000000e+00;2.000000000000000111022302462516e-01;8.000000000000000444089209850063e-01;nan;nan
3.980000000000000000000000000000e+02;2.040551148144286628394183935598e+02;nan;2.631713177179837992447630767856e-01;nan;nan;1.588760582117562547566080866090e+00;9.532563492705384833314496972889e-01;nan;1.784690629024927323829918801579e-05;nan;1.000000000000000000000000000000e+00;2.348396922797137508615548939783e-06;2.059500603515350469763234286802e+00;8.014084715429583560819537524367e-01;1.985915284570418382070755569657e-01;1.000000000000000000000000000000e+00;0.000000000000000000000000000000e+00;2.000000000000000111022302462516e-01;8.000000000000000444089209850063e-01;nan;nan
4.980000000000000000000000000000e+02;2.041018663946532853969983989373e+02;nan;2.632359049834633313302845181170e-01;nan;nan;1.585922279993795758201713397284e+00;9.515533679962820956532709715248e-01;nan;1.791523981567038774397396250215e-05;nan;1.000000000000000000000000000000e+00;2.357967182936885228660382762822e-06;2.059981769184853650500599542283e+00;8.017632665230228772301757089735e-01;1.982367334769774558367316785734e-01;1.000000000000000000000000000000e+00;0.000000000000000000000000000000e+00;2.000000000000000111022302462516e-01;8.000000000000000444089209850063e-01;nan;nan
5.980000000000000000000000000000e+02;2.041488085037350685979617992416e+02;nan;2.632987038391300660400418109930e-01;nan;nan;1.583078200381672129282151217922e+00;9.498469202290102941788063617423e-01;nan;1.798395821610037948216562209147e-05;nan;1.000000000000000000000000000000e+00;2.367576444098152159748165573872e-06;2.060464883996362850382411124883e+00;8.021187837038173951142994155816e-01;1.978812162961827436635786625629e-01;1.000000000000000000000000000000e+00;0.000000000000000000000000000000e+00;2.000000000000000111022302462516e-01;8.000000000000000444089209850063e-01;nan;nan
6.980000000000000000000000000000e+02;2.041959419181345651850278954953e+02;nan;2.633597028206353107826487303100e-01;nan;nan;1.580228331520861839720737407333e+00;9.481369989125266739549147132493e-01;nan;1.805306460903788508005202162465e-05;nan;1.000000000000000000000000000000e+00;2.377224865218973865756656171921e-06;2.060949955869226357663137605414e+00;8.024750245554134187031536384893e-01;1.975249754445867478303000552842e-01;1.000000000000000000000000000000e+00;0.000000000000000000000000000000e+00;2.000000000000000111022302462516e-01;8.000000000000000444089209850063e-01;nan;nan
7.980000000000000000000000000000e+02;2.042432674174754367868445115164e+02;nan;2.634188904084461824162133325444e-01;nan;nan;1.577372661627095773440032644430e+00;9.464235969762544442573926062323e-01;nan;1.812256214567412656180761532099e-05;nan;1.000000000000000000000000000000e+00;2.386912605885794290367990164170e-06;2.061436992755018238199227198493e+00;8.028319905508748410838393283484e-01;1.971680094491255752497949060853e-01;1.000000000000000000000000000000e+00;0.000000000000000000000000000000e+00;2.000000000000000111022302462516e-01;8.000000000000000444089209850063e-01;nan;nan
8.980000000000000000000000000000e+02;2.042907857845584658207371830940e+02;nan;2.634762550275100423391450021882e-01;nan;nan;1.574511178892115559335707075661e+00;9.447067073352760635529534738453e-01;nan;1.819245401134169650911309723540e-05;nan;1.000000000000000000000000000000e+00;2.396639826334256885841415482541e-06;2.061926002637668453587593830889e+00;8.031896831662626023984330458916e-01;1.968103168337374253571425697373e-01;1.000000000000000000000000000000e+00;0.000000000000000000000000000000e+00;2.000000000000000111022302462516e-01;8.000000000000000444089209850063e-01;nan;nan
9.980000000000000000000000000000e+02;2.043384978053790916874277172610e+02;nan;2.635317850471139422552369069308e-01;nan;nan;1.571643871483628940310950383719e+00;9.429863228901874672160943191557e-01;nan;1.826274342598770727735986441065e-05;nan;1.000000000000000000000000000000e+00;2.406406687453992890264120943500e-06;2.062416993533593423393313059933e+00;8.035481038806450149181159758882e-01;1.964518961193554846822451054322e-01;1.000000000000000000000000000000e+00;0.000000000000000000000000000000e+00;2.000000000000000111022302462516e-01;8.000000000000000444089209850063e-01;nan;nan
1.098000000000000000000000000000e+03;2.043864042691257338901777984574e+02;nan;2.635854687805760931951226666570e-01;nan;nan;1.568770727545258036883524255245e+00;9.412624365271639037544559869275e-01;nan;1.833343364463912040368542832880e-05;nan;1.000000000000000000000000000000e+00;2.416213350789894418070959461464e-06;2.062909973491830140090996792424e+00;8.039072541760988732661985523009e-01;1.960927458239022924679773041134e-01;1.000000000000000000000000000000e+00;0.000000000000000000000000000000e+00;2.000000000000000111022302462516e-01;8.000000000000000444089209850063e-01;nan;nan
1.198000000000000000000000000000e+03;2.044345059682133296519168652594e+02;nan;2.636372944850138289041296957294e-01;nan;nan;1.565891735196490497372678873944e+00;9.395350411179037575237771307002e-01;nan;1.840452795788338698256339509562e-05;nan;1.000000000000000000000000000000e+00;2.426059978545086698656363388693e-06;2.063404950594168063560118753230e+00;8.042671355377181141577125345066e-01;1.957328644622834679100975563415e-01;1.000000000000000000000000000000e+00;0.000000000000000000000000000000e+00;2.000000000000000111022302462516e-01;8.000000000000000444089209850063e-01;nan;nan
1.298000000000000000000000000000e+03;2.044828036982792411890841322020e+02;nan;2.636872503610924178829577613214e-01;nan;nan;1.563006882532630203996859563631e+00;9.378041295195773674464589930722e-01;nan;1.847602969235566779332771703004e-05;nan;1.000000000000000000000000000000e+00;2.435946733583583101147513119700e-06;2.063901932955283236026389204198e+00;8.046277494536195895591390581103e-01;1.953722505463819092419441858510e-01;1.000000000000000000000000000000e+00;0.000000000000000000000000000000e+00;2.000000000000000111022302462516e-01;8.000000000000000444089209850063e-01;nan;nan
1.398000000000000000000000000000e+03;2.045312982582099436967837391421e+02;nan;2.637353245528280543119592493895e-01;nan;nan;1.560116157624749533283647906501e+00;9.360696945748493424943603713473e-01;nan;1.854794221123644821602564902729e-05;nan;1.000000000000000000000000000000e+00;2.445873779433772369048183045748e-06;2.064400928722871064735500112874e+00;8.049890974149501721157662359474e-01;1.950109025850514654631950861585e-01;1.000000000000000000000000000000e+00;0.000000000000000000000000000000e+00;2.000000000000000111022302462516e-01;8.000000000000000444089209850063e-01;nan;nan
1.498000000000000000000000000000e+03;2.045799904501400305889546871185e+02;nan;2.637815051472280347688581514376e-01;nan;nan;1.557219548519638063766024060897e+00;9.343317291117895218022226799803e-01;nan;1.862026891474828917366450553583e-05;nan;1.000000000000000000000000000000e+00;2.455841280289223301538633140173e-06;2.064901946077782657340549121727e+00;8.053511809158919731999048963189e-01;1.946488190841100807126906602207e-01;1.000000000000000000000000000000e+00;0.000000000000000000000000000000e+00;2.000000000000000111022302462516e-01;8.000000000000000444089209850063e-01;nan;nan
1.598000000000000000000000000000e+03;2.046288810794802373038692167029e+02;nan;2.638257801742386887688951446762e-01;nan;nan;1.554317043239754614347702954547e+00;9.325902259438531016755291602749e-01;nan;1.869301324068118068302130074798e-05;nan;1.000000000000000000000000000000e+00;2.465849401015043429810646991029e-06;2.065404993234156716397365016746e+00;8.057140014536670058475920086494e-01;1.942859985463350480650035478902e-01;1.000000000000000000000000000000e+00;0.000000000000000000000000000000e+00;2.000000000000000111022302462516e-01;8.000000000000000444089209850063e-01;nan;nan
1.698000000000000000000000000000e+03;2.046779709549172707738762255758e+02;nan;2.638681376061685623923835919413e-01;nan;nan;1.551408629783177062222421227489e+00;9.308451778699128320582190099231e-01;nan;1.876617866488844237581046225927e-05;nan;1.000000000000000000000000000000e+00;2.475898307144365524402320963282e-06;2.065910078439559427465610497165e+00;8.060775605285467326766024598328e-01;1.939224394714553212359930967068e-01;1.000000000000000000000000000000e+00;0.000000000000000000000000000000e+00;2.000000000000000111022302462516e-01;8.000000000000000444089209850063e-01;nan;nan
1.798000000000000000000000000000e+03;2.047272608884387636862811632454e+02;nan;2.639085653578562840060328653635e-01;nan;nan;1.548494296123553048971643875120e+00;9.290965776741346715539293654729e-01;nan;1.883976870184718487109126749957e-05;nan;1.000000000000000000000000000000e+00;2.485988164889166747033343377038e-06;2.066417209975115465425687943934e+00;8.064418596438550634886155421555e-01;1.935581403561466296014970112083e-01;1.000000000000000000000000000000e+00;0.000000000000000000000000000000e+00;2.000000000000000111022302462516e-01;8.000000000000000444089209850063e-01;nan;nan
1.898000000000000000000000000000e+03;2.047767516953347524122364120558e+02;nan;2.639470512860224715723234112374e-01;nan;nan;1.545574030210049354394641341059e+00;9.273444181260366292463004356250e-01;nan;1.891378690516612635593753088958e-05;nan;1.000000000000000000000000000000e+00;2.496119141135392281927651500495e-06;2.066926396155649214847471739631e+00;8.068069003059781252318316546734e-01;1.931930996940236788805833612059e-01;1.000000000000000000000000000000e+00;0.000000000000000000000000000000e+00;2.000000000000000111022302462516e-01;8.000000000000000444089209850063e-01;nan;nan
1.998000000000000000000000000000e+03;2.048264441942265818852320080623e+02;nan;2.639835831893064810316218427033e-01;nan;nan;1.542647819967303490784615860321e+00;9.255886919803922863181355751294e-01;nan;1.898823686815433116380560929493e-05;nan;1.000000000000000000000000000000e+00;2.506291403451337573859460106096e-06;2.067437645329819773110102687497e+00;8.071726840243657052909043159161e-01;1.928273159756359322880570061898e-01;1.000000000000000000000000000000e+00;0.000000000000000000000000000000e+00;2.000000000000000111022302462516e-01;8.000000000000000444089209850063e-01;nan;nan
2.098000000000000000000000000000e+03;2.048763392070620454887830419466e+02;nan;2.640181488078269245178830715304e-01;nan;nan;1.539715653295373076758778552175e+00;9.238293919772276874269323343469e-01;nan;1.906312222436335490649041146671e-05;nan;1.000000000000000000000000000000e+00;2.516505120086878798720680938672e-06;2.067950965880258618057041530847e+00;8.075392123115424647394888779672e-01;1.924607876884595891731066785724e-01;1.000000000000000000000000000000e+00;0.000000000000000000000000000000e+00;2.000000000000000111022302462516e-01;8.000000000000000444089209850063e-01;nan;nan
2.198000000000000000000000000000e+03;2.049264375591476721183425979689e+02;nan;2.640507358230028689405344266561e-01;nan;nan;1.536777518069684766999216662953e+00;9.220665108418175659465987337171e-01;nan;1.913844664815748399487593811585e-05;nan;1.000000000000000000000000000000e+00;2.526760459977633489357835838707e-06;2.068466366223709496097171722795e+00;8.079064866831097146970819267153e-01;1.920935133168922004376355516797e-01;1.000000000000000000000000000000e+00;0.000000000000000000000000000000e+00;2.000000000000000111022302462516e-01;8.000000000000000444089209850063e-01;nan;nan
2.298000000000000000000000000000e+03;2.049767400791468787701887777075e+02;nan;2.640813318573236312403196279774e-01;nan;nan;1.533833402140986068573624834244e+00;9.203000412846015221290940644394e-01;nan;1.921421385529156796302500953555e-05;nan;1.000000000000000000000000000000e+00;2.537057592748419394612169677772e-06;2.068983854811164313503013545414e+00;8.082745086577556303808478332940e-01;1.917254913422464512873233388746e-01;1.000000000000000000000000000000e+00;0.000000000000000000000000000000e+00;2.000000000000000111022302462516e-01;8.000000000000000444089209850063e-01;nan;nan
2.398000000000000000000000000000e+03;2.050272475991033331865764921531e+02;nan;2.641099244740271467790648785012e-01;nan;nan;1.530883293335294048631567420671e+00;9.185299760011799152792377753940e-01;nan;1.929042760349046115486877639444e-05;nan;1.000000000000000000000000000000e+00;2.547396688714777444558813590536e-06;2.069503440128007021314715530025e+00;8.086432797572589148416000170982e-01;1.913567202427433611156004644727e-01;1.000000000000000000000000000000e+00;0.000000000000000000000000000000e+00;2.000000000000000111022302462516e-01;8.000000000000000444089209850063e-01;nan;nan
2.498000000000000000000000000000e+03;2.050779609544509298757475335151e+02;nan;2.641365011768682657944395941740e-01;nan;nan;1.527927179453844486189950657717e+00;9.167563076723200810036473740183e-01;nan;1.936709169304474099601066916509e-05;nan;1.000000000000000000000000000000e+00;2.557777918886213769112400809314e-06;2.070025130694148618459848876228e+00;8.090128015064954603019486967241e-01;1.909871984935065103439200129287e-01;1.000000000000000000000000000000e+00;0.000000000000000000000000000000e+00;2.000000000000000111022302462516e-01;8.000000000000000444089209850063e-01;nan;nan
2.598000000000000000000000000000e+03;2.051288809840260967121139401570e+02;nan;2.641610494098809436280816953513e-01;nan;nan;1.524965048273043244364544079872e+00;9.149790289638287665852089958207e-01;nan;1.944420996741895896501792218025e-05;nan;1.000000000000000000000000000000e+00;2.568201454969730131351222587877e-06;2.070548935064172813014238272444e+00;8.093830754334461197174732660642e-01;1.906169245665555733726392872995e-01;1.000000000000000000000000000000e+00;0.000000000000000000000000000000e+00;2.000000000000000111022302462516e-01;8.000000000000000444089209850063e-01;nan;nan
2.698000000000000000000000000000e+03;2.051800085300875480243121273816e+02;nan;2.641835565570812560665103774227e-01;nan;nan;1.521996887544413645798613288207e+00;9.131981325266534943452256811725e-01;nan;1.952178631386128408687838375890e-05;nan;1.000000000000000000000000000000e+00;2.578667469371614131651250165222e-06;2.071074861827472801678595715202e+00;8.097541030692018138026355700276e-01;1.902458969307997682651745208204e-01;1.000000000000000000000000000000e+00;0.000000000000000000000000000000e+00;2.000000000000000111022302462516e-01;8.000000000000000444089209850063e-01;nan;nan
2.798000000000000000000000000000e+03;2.052313444383263743020506808534e+02;nan;2.642040099422177656940391443641e-01;nan;nan;1.519022684994546956716021668399e+00;9.114136109967225785055688902503e-01;nan;1.959982466403263496050775327451e-05;nan;1.000000000000000000000000000000e+00;2.589176135200901031341563091059e-06;2.071602919608396931039351329673e+00;8.101258859479701923689276554796e-01;1.898741140520317227657898229154e-01;1.000000000000000000000000000000e+00;0.000000000000000000000000000000e+00;2.000000000000000111022302462516e-01;8.000000000000000444089209850063e-01;nan;nan
2.898000000000000000000000000000e+03;2.052828895578687706802156753838e+02;nan;2.642223968284805879491727864661e-01;nan;nan;1.516042428325051538706702558557e+00;9.096254569950394941457716413424e-01;nan;1.967832899463821735982702043621e-05;nan;1.000000000000000000000000000000e+00;2.599727626271347762987925372746e-06;2.072133117066385921134497039020e+00;8.104984256070798531723653468362e-01;1.895015743929214790952642033517e-01;1.000000000000000000000000000000e+00;0.000000000000000000000000000000e+00;2.000000000000000111022302462516e-01;8.000000000000000444089209850063e-01;nan;nan
2.998000000000000000000000000000e+03;2.053346447413228759160119807348e+02;nan;2.642387044183209798831057923962e-01;nan;nan;1.513056105212500668244501866866e+00;9.078336631274988022255456598941e-01;nan;1.975730332808436440304028502979e-05;nan;1.000000000000000000000000000000e+00;2.610322117106397390496642929580e-06;2.072665462896122523517306035501e+00;8.108717235869928874336665103328e-01;1.891282764130088611675972742887e-01;1.000000000000000000000000000000e+00;0.000000000000000000000000000000e+00;2.000000000000000111022302462516e-01;8.000000000000000444089209850063e-01;nan;nan
3.098000000000000000000000000000e+03;2.053866108447504359446611488238e+02;nan;2.642529198530859657623182101815e-01;nan;nan;1.510063703308384130963304414763e+00;9.060382219850340312916614493588e-01;nan;1.983675173312561212609662908424e-05;nan;1.000000000000000000000000000000e+00;2.620959782939603049104664370117e-06;2.073199965827669633000596149941e+00;8.112457814313028814368067287432e-01;1.887542185686993667648181371987e-01;1.000000000000000000000000000000e+00;0.000000000000000000000000000000e+00;2.000000000000000111022302462516e-01;8.000000000000000444089209850063e-01;nan;nan
3.198000000000000000000000000000e+03;2.054387887277118522888486040756e+02;nan;2.642650302128310424443213833001e-01;nan;nan;1.507065210239054930951851929422e+00;9.042391261434417071285452038865e-01;nan;1.991667832554366076441842992040e-05;nan;1.000000000000000000000000000000e+00;2.631640799719516596034659186576e-06;2.073736634626616393006770522334e+00;8.116206006867467959153827905538e-01;1.883793993132553967750908441303e-01;1.000000000000000000000000000000e+00;0.000000000000000000000000000000e+00;2.000000000000000111022302462516e-01;8.000000000000000444089209850063e-01;nan;nan
3.298000000000000000000000000000e+03;2.054911792532714400749682681635e+02;nan;2.642750225159969934551895676123e-01;nan;nan;1.504060613605679552762239836738e+00;9.024363681634087752669870496902e-01;nan;1.999708726882348661579510973318e-05;nan;1.000000000000000000000000000000e+00;2.642365344111342018808058149104e-06;2.074275478094222524561018872191e+00;8.119961829032107392123407407780e-01;1.880038170967910926556498907303e-01;1.000000000000000000000000000000e+00;0.000000000000000000000000000000e+00;2.000000000000000111022302462516e-01;8.000000000000000444089209850063e-01;nan;nan
3.398000000000000000000000000000e+03;2.055437832880083419695438351482e+02;nan;2.642828837191226187819381721056e-01;nan;nan;1.501049900984186002972364804009e+00;9.006299405905122679172336574993e-01;nan;2.007798277484455819479232385749e-05;nan;1.000000000000000000000000000000e+00;2.653133593499396489473300675410e-06;2.074816505067563543462938469020e+00;8.123725296337358514620063942857e-01;1.876274703662657583613793121913e-01;1.000000000000000000000000000000e+00;0.000000000000000000000000000000e+00;2.000000000000000111022302462516e-01;8.000000000000000444089209850063e-01;nan;nan
3.498000000000000000000000000000e+03;2.055966017020309379859099863097e+02;nan;2.642886007166699857684477592557e-01;nan;nan;1.498033059925211851748372282600e+00;8.988198359551362592867462808499e-01;nan;2.015936910459480030399261052398e-05;nan;1.000000000000000000000000000000e+00;2.663945725992114635258213237168e-06;2.075359724419677753814994503045e+00;8.127496424345230785490912239766e-01;1.872503575654777818737528605197e-01;1.000000000000000000000000000000e+00;0.000000000000000000000000000000e+00;2.000000000000000111022302462516e-01;8.000000000000000444089209850063e-01;nan;nan
3.598000000000000000000000000000e+03;2.056496353690031355654355138540e+02;nan;2.642921603406673258795933634246e-01;nan;nan;1.495010077954055383031573001062e+00;8.970060467724308983505920878088e-01;nan;2.024125056888212542661152626433e-05;nan;1.000000000000000000000000000000e+00;2.674801920423309347111997386071e-06;2.075905145059710577015721355565e+00;8.131275228649433861605189122201e-01;1.868724771350575297734764035340e-01;1.000000000000000000000000000000e+00;0.000000000000000000000000000000e+00;2.000000000000000111022302462516e-01;8.000000000000000444089209850063e-01;nan;nan
3.698000000000000000000000000000e+03;2.057028851661293060715252067894e+02;nan;2.642935493604777197340638394962e-01;nan;nan;1.491980942570620527476421557367e+00;8.951885655423714727163542193011e-01;nan;2.032363152906611772699485563010e-05;nan;1.000000000000000000000000000000e+00;2.685702356355699248414070287594e-06;2.076452775933063321645022369921e+00;8.135061724875392030753573635593e-01;1.864938275124614908140330271635e-01;1.000000000000000000000000000000e+00;0.000000000000000000000000000000e+00;2.000000000000000111022302462516e-01;8.000000000000000444089209850063e-01;nan;nan
3.798000000000000000000000000000e+03;2.057563519742112987387372413650e+02;nan;2.642927544824820174085289181676e-01;nan;nan;1.488945641249366236280593511765e+00;8.933673847496224063036152074346e-01;nan;2.040651639780044387635984937113e-05;nan;1.000000000000000000000000000000e+00;2.696647214083308762830109781006e-06;2.077002626021539732903420372168e+00;8.138855928680361895288797313697e-01;1.861144071319648096718424312712e-01;1.000000000000000000000000000000e+00;0.000000000000000000000000000000e+00;2.000000000000000111022302462516e-01;8.000000000000000444089209850063e-01;nan;nan
3.898000000000000000000000000000e+03;2.058100366776280623071215813980e+02;nan;2.642897623498397519092861784884e-01;nan;nan;1.485904161439255410925852629589e+00;8.915424968635545788231411279412e-01;nan;2.048990963979102207948718161745e-05;nan;1.000000000000000000000000000000e+00;2.707636674635029887855258712293e-06;2.077554704343496538854196842294e+00;8.142657855753449025471013555944e-01;1.857342144246562354314988851911e-01;1.000000000000000000000000000000e+00;0.000000000000000000000000000000e+00;2.000000000000000111022302462516e-01;8.000000000000000444089209850063e-01;nan;nan
3.998000000000000000000000000000e+03;2.058639401643661130947293713689e+02;nan;2.642845595422497750881518641108e-01;nan;nan;1.482856490563703832918918124051e+00;8.897138943382303377660491605639e-01;nan;2.057381577256847207690361456489e-05;nan;1.000000000000000000000000000000e+00;2.718670919778324999343047108091e-06;2.078109019953989111684222734766e+00;8.146467521815704548870940016059e-01;1.853532478184308496249599329531e-01;1.000000000000000000000000000000e+00;0.000000000000000000000000000000e+00;2.000000000000000111022302462516e-01;8.000000000000000444089209850063e-01;nan;nan
4.098000000000000000000000000000e+03;2.059180633260241961579595226794e+02;nan;2.642771325755831623993685752794e-01;nan;nan;1.479802616020526873086282648728e+00;8.878815696123172340747942143935e-01;nan;2.065823936726614540012117449130e-05;nan;1.000000000000000000000000000000e+00;2.729750132020562622463212207324e-06;2.078665581944921125767677949625e+00;8.150284942620181771744114485045e-01;1.849715057379832661155205641990e-01;1.000000000000000000000000000000e+00;0.000000000000000000000000000000e+00;2.000000000000000111022302462516e-01;8.000000000000000444089209850063e-01;nan;nan
4.198000000000000000000000000000e+03;2.059724070578496366579202003777e+02;nan;2.642674679016558947353132680291e-01;nan;nan;1.476742525181886644958240140113e+00;8.860455151091364278670425846940e-01;nan;2.074318504941988371603929508513e-05;nan;1.000000000000000000000000000000e+00;2.740874494612839244359709864329e-06;2.079224399445198212532659454155e+00;8.154110133951997241297249274794e-01;1.845889866048015803823290070795e-01;1.000000000000000000000000000000e+00;0.000000000000000000000000000000e+00;2.000000000000000111022302462516e-01;8.000000000000000444089209850063e-01;nan;nan
4.298000000000000000000000000000e+03;2.060269722587210310393857071176e+02;nan;2.642555519079492487577454085113e-01;nan;nan;1.473676205394242044732777685567e+00;8.842057232365568841814251754840e-01;nan;2.082865749978169561673624343712e-05;nan;1.000000000000000000000000000000e+00;2.752044191553229803085802926410e-06;2.079785481620874953989641653607e+00;8.157943111628399579515757977788e-01;1.842056888371613743160537524091e-01;1.000000000000000000000000000000e+00;0.000000000000000000000000000000e+00;2.000000000000000111022302462516e-01;8.000000000000000444089209850063e-01;nan;nan
4.398000000000000000000000000000e+03;2.060817598311907090646855067462e+02;nan;2.642413709173501157323471488780e-01;nan;nan;1.470603643978293462168949190527e+00;8.823621863869774983868410345167e-01;nan;2.091466145514771438475125353573e-05;nan;1.000000000000000000000000000000e+00;2.763259407590247393677121423572e-06;2.080348837675307649419664812740e+00;8.161783891498836096545232976496e-01;1.838216108501178336354087150539e-01;1.000000000000000000000000000000e+00;0.000000000000000000000000000000e+00;2.000000000000000111022302462516e-01;8.000000000000000444089209850063e-01;nan;nan
4.498000000000000000000000000000e+03;2.061367706814847622354136547074e+02;nan;2.642249111877783551705078934901e-01;nan;nan;1.467524828228932598506162321428e+00;8.805148969373652878545044586645e-01;nan;2.100120170919078733452224627687e-05;nan;1.000000000000000000000000000000e+00;2.774520328223777969008957688946e-06;2.080914476849306193884103777236e+00;8.165632489445020514295947577921e-01;1.834367510555000857497276456343e-01;1.000000000000000000000000000000e+00;0.000000000000000000000000000000e+00;2.000000000000000111022302462516e-01;8.000000000000000444089209850063e-01;nan;nan
4.598000000000000000000000000000e+03;2.061920057195250706172373611480e+02;nan;2.642061589120274223141393576952e-01;nan;nan;1.464439745415191396205045748502e+00;8.786638472491130613661880488507e-01;nan;2.108828311332948757055548438810e-05;nan;1.000000000000000000000000000000e+00;2.785827139711076486029879550888e-06;2.081482408421286400823646545177e+00;8.169488921380982926478964145645e-01;1.830511078619046494431188421004e-01;1.000000000000000000000000000000e+00;0.000000000000000000000000000000e+00;2.000000000000000111022302462516e-01;8.000000000000000444089209850063e-01;nan;nan
4.698000000000000000000000000000e+03;2.062474658589402736197371268645e+02;nan;2.641851002174323559401614147646e-01;nan;nan;1.461348382780184529394773562672e+00;8.768090296681128048561504328973e-01;nan;2.117591057759414080148910319856e-05;nan;1.000000000000000000000000000000e+00;2.797180029068546945500385245142e-06;2.082052641707422324657272838522e+00;8.173353203253147514217857860785e-01;1.826646796746883294471075487309e-01;1.000000000000000000000000000000e+00;0.000000000000000000000000000000e+00;2.000000000000000111022302462516e-01;8.000000000000000444089209850063e-01;nan;nan
4.798000000000000000000000000000e+03;2.063031520170821124793292256072e+02;nan;2.641617211654939678666664804041e-01;nan;nan;1.458250727541060998149191618722e+00;8.749504365246307813208659354132e-01;nan;2.126408907150979958936530544999e-05;nan;1.000000000000000000000000000000e+00;2.808579184073200559211601692877e-06;2.082625186061804356540960725397e+00;8.177225351040401379876243481704e-01;1.822774648959627763478152928656e-01;1.000000000000000000000000000000e+00;0.000000000000000000000000000000e+00;2.000000000000000111022302462516e-01;8.000000000000000444089209850063e-01;nan;nan
4.898000000000000000000000000000e+03;2.063590651150379926548339426517e+02;nan;2.641360077517485582809797506343e-01;nan;nan;1.455146766888949283469401052571e+00;8.730880601333589341450647225429e-01;nan;2.135282362501098811068817040493e-05;nan;1.000000000000000000000000000000e+00;2.820024793268811561929455128395e-06;2.083200050876584885628517440637e+00;8.181105380754170042223449854646e-01;1.818894619245860766465483493448e-01;1.000000000000000000000000000000e+00;0.000000000000000000000000000000e+00;2.000000000000000111022302462516e-01;8.000000000000000444089209850063e-01;nan;nan
4.998000000000000000000000000000e+03;2.064152060776553980758762918413e+02;nan;2.641079459053411460089932916162e-01;nan;nan;1.452036487988905388846205823938e+00;8.712218927933432777166444793693e-01;nan;2.144211932935225918659023769397e-05;nan;1.000000000000000000000000000000e+00;2.831517045966218755123893630055e-06;2.083777245582143056168433759012e+00;8.184993308438458514686431044538e-01;1.815006691561575347115820022736e-01;1.000000000000000000000000000000e+00;0.000000000000000000000000000000e+00;2.000000000000000111022302462516e-01;8.000000000000000444089209850063e-01;nan;nan
5.098000000000000000000000000000e+03;2.064715758335506734511000104249e+02;nan;2.640775214889047872723892851354e-01;nan;nan;1.448919877979857329108881458524e+00;8.693519267879102896401377620350e-01;nan;2.153198133806058796432987556546e-05;nan;1.000000000000000000000000000000e+00;2.843056132250195791204066750324e-06;2.084356779647233537389183766209e+00;8.188889150169923469846366970160e-01;1.811110849830107616398322534224e-01;1.000000000000000000000000000000e+00;0.000000000000000000000000000000e+00;2.000000000000000111022302462516e-01;8.000000000000000444089209850063e-01;nan;nan
5.198000000000000000000000000000e+03;2.065281753151132591028726892546e+02;nan;2.640447202979822050039615533024e-01;nan;nan;1.445796923974556502656696466147e+00;8.674781543847387421664052453707e-01;nan;2.162241486786423841164571368889e-05;nan;1.000000000000000000000000000000e+00;2.854642242976073206124675366024e-06;2.084938662579145507436351181241e+00;8.192792922057963167503658041824e-01;1.807207077942067363629519149981e-01;1.000000000000000000000000000000e+00;0.000000000000000000000000000000e+00;2.000000000000000111022302462516e-01;8.000000000000000444089209850063e-01;nan;nan
5.298000000000000000000000000000e+03;2.065850054585421560204849811271e+02;nan;2.640095280611221562061530221399e-01;nan;nan;1.442667613059520181906236757641e+00;8.656005678357154842217369150603e-01;nan;2.171342519969976690642939065601e-05;nan;1.000000000000000000000000000000e+00;2.866275569781606621526425307533e-06;2.085522903923860305042126128683e+00;8.196704640244758532929836292169e-01;1.803295359755271998203340899636e-01;1.000000000000000000000000000000e+00;0.000000000000000000000000000000e+00;2.000000000000000111022302462516e-01;8.000000000000000444089209850063e-01;nan;nan
5.398000000000000000000000000000e+03;2.066420672038582608820433961228e+02;nan;2.639719304391919818542078246537e-01;nan;nan;1.439531932294979998943063037586e+00;8.637191593769888431353365376708e-01;nan;2.180501767966816658011336427236e-05;nan;1.000000000000000000000000000000e+00;2.877956305081358798713363211785e-06;2.086109513266209081194801910897e+00;8.200624320905346431587190636492e-01;1.799375679094684932213255024180e-01;1.000000000000000000000000000000e+00;0.000000000000000000000000000000e+00;2.000000000000000111022302462516e-01;8.000000000000000444089209850063e-01;nan;nan
5.498000000000000000000000000000e+03;2.066993614948946174081356730312e+02;nan;2.639319130254224599063661571563e-01;nan;nan;1.436389868714828210727318946738e+00;8.618339212289001238787022884935e-01;nan;2.189719772007253350003426473069e-05;nan;1.000000000000000000000000000000e+00;2.889684642077332443239759754428e-06;2.086698500230025565826963429572e+00;8.204551980247687392733269007294e-01;1.795448019752339530175078152752e-01;1.000000000000000000000000000000e+00;0.000000000000000000000000000000e+00;2.000000000000000111022302462516e-01;8.000000000000000444089209850063e-01;nan;nan
5.598000000000000000000000000000e+03;2.067568892793445343158964533359e+02;nan;2.638894613448457548976477937686e-01;nan;nan;1.433241409326563520210129354382e+00;8.599448455959366466316851074225e-01;nan;2.198997080042426049560806700089e-05;nan;1.000000000000000000000000000000e+00;2.901460774756422753321242341551e-06;2.087289874478314377626020359457e+00;8.208487634512747765924700615869e-01;1.791512365487280267206671169333e-01;1.000000000000000000000000000000e+00;0.000000000000000000000000000000e+00;2.000000000000000111022302462516e-01;8.000000000000000444089209850063e-01;nan;nan
5.698000000000000000000000000000e+03;2.068146515087634895735391182825e+02;nan;2.638445608541986620032560040272e-01;nan;nan;1.430086541111238451762233125919e+00;8.580519246667330790501182491425e-01;nan;2.208334246850561627373808748498e-05;nan;1.000000000000000000000000000000e+00;2.913284897897870462737685698373e-06;2.087883645713402014365556169651e+00;8.212431299974534137930959332152e-01;1.787568700025491397198607046448e-01;1.000000000000000000000000000000e+00;0.000000000000000000000000000000e+00;2.000000000000000111022302462516e-01;8.000000000000000444089209850063e-01;nan;nan
5.798000000000000000000000000000e+03;2.068726491385753263330116169527e+02;nan;2.637971969414631967509876631084e-01;nan;nan;1.426925251023404506156566640129e+00;8.561551506140436806902016542153e-01;nan;2.217731834142283437708194349103e-05;nan;1.000000000000000000000000000000e+00;2.925157207072922604137836521954e-06;2.088479823677102942269812047016e+00;8.216382992940196583475653824280e-01;1.783617007059830339432693335766e-01;1.000000000000000000000000000000e+00;0.000000000000000000000000000000e+00;2.000000000000000111022302462516e-01;8.000000000000000444089209850063e-01;nan;nan
5.898000000000000000000000000000e+03;2.069308831281023515202832641080e+02;nan;2.637473549257319249683462203393e-01;nan;nan;1.423757525991059758041501481785e+00;8.542545155946277279923606329248e-01;nan;2.227190410670857738687986038251e-05;nan;1.000000000000000000000000000000e+00;2.937077898651967491070510080098e-06;2.089078418150875471326344268164e+00;8.220342729750057531035167812661e-01;1.779657270249962730535031596446e-01;1.000000000000000000000000000000e+00;0.000000000000000000000000000000e+00;2.000000000000000111022302462516e-01;8.000000000000000444089209850063e-01;nan;nan
5.998000000000000000000000000000e+03;2.069893544405819625353615265340e+02;nan;2.636950200567046986854791157384e-01;nan;nan;1.420583352915592012521983633633e+00;8.523500117493526540002335423196e-01;nan;2.236710552340861581977794758647e-05;nan;1.000000000000000000000000000000e+00;2.949047169802832605277082694828e-06;2.089679438955986512382878572680e+00;8.224310526777729446479270336567e-01;1.775689473222291092646685228829e-01;1.000000000000000000000000000000e+00;0.000000000000000000000000000000e+00;2.000000000000000111022302462516e-01;8.000000000000000444089209850063e-01;nan;nan
6.098000000000000000000000000000e+03;2.070480640431770495979435509071e+02;nan;2.636401775146359760526593163377e-01;nan;nan;1.417402718671726624677376094041e+00;8.504416312030431690516252274392e-01;nan;2.246292842323391829697024069112e-05;nan;1.000000000000000000000000000000e+00;2.961065218499976174718621782511e-06;2.090282895953675446065744836233e+00;8.228286400430135927308583632112e-01;1.771713599569887387374933496176e-01;1.000000000000000000000000000000e+00;0.000000000000000000000000000000e+00;2.000000000000000111022302462516e-01;8.000000000000000444089209850063e-01;nan;nan
6.198000000000000000000000000000e+03;2.071070129069746883487823652104e+02;nan;2.635828124098715807832604696159e-01;nan;nan;1.414215610107472320677857169358e+00;8.485293660644812607785070213140e-01;nan;2.255937871169591625087648412151e-05;nan;1.000000000000000000000000000000e+00;2.973132243524098808969569757155e-06;2.090888799045309109914114742423e+00;8.232270367147589418266306893202e-01;1.767729632852430010636624047038e-01;1.000000000000000000000000000000e+00;0.000000000000000000000000000000e+00;2.000000000000000111022302462516e-01;8.000000000000000444089209850063e-01;nan;nan
6.298000000000000000000000000000e+03;2.071662020070364746970881242305e+02;nan;2.635229097823830746172291128460e-01;nan;nan;1.411022014044066352767003991175e+00;8.466132084264418322661072124902e-01;nan;2.265646236926220584277126557371e-05;nan;1.000000000000000000000000000000e+00;2.985248444461520506485038492506e-06;2.091497158172555437261053157272e+00;8.236262443403890021187407910475e-01;1.763737556596127742380986092030e-01;1.000000000000000000000000000000e+00;0.000000000000000000000000000000e+00;2.000000000000000111022302462516e-01;8.000000000000000444089209850063e-01;nan;nan
6.398000000000000000000000000000e+03;2.072256323223955973844567779452e+02;nan;2.634604546019587711924714312772e-01;nan;nan;1.407821917275920320378190808697e+00;8.446931503655590312007461761823e-01;nan;2.275418545259546239715141291438e-05;nan;1.000000000000000000000000000000e+00;2.997414021719039306561544258600e-06;2.092107983317538888456965651130e+00;8.240262645706361022135411076306e-01;1.759737354293663125215374520849e-01;1.000000000000000000000000000000e+00;0.000000000000000000000000000000e+00;2.000000000000000111022302462516e-01;8.000000000000000444089209850063e-01;nan;nan
6.498000000000000000000000000000e+03;2.072853048360721572862530592829e+02;nan;2.633954317673828926515966486477e-01;nan;nan;1.404615306570563770804938030778e+00;8.427691839423242514683920489915e-01;nan;2.285255409572543584513851233631e-05;nan;1.000000000000000000000000000000e+00;3.009629176515537616346191232553e-06;2.092721284503010537036971072666e+00;8.244270990595915504783874894201e-01;1.755729009404106422120861452640e-01;1.000000000000000000000000000000e+00;0.000000000000000000000000000000e+00;2.000000000000000111022302462516e-01;8.000000000000000444089209850063e-01;nan;nan
6.598000000000000000000000000000e+03;2.073452205350883730261557502672e+02;nan;2.633278261063458636215273145353e-01;nan;nan;1.401402168668592906897174543701e+00;8.408413012011475284879225000623e-01;nan;2.295157451130500232943515426243e-05;nan;1.000000000000000000000000000000e+00;3.021894110889882487135712357817e-06;2.093337071792513714996175622218e+00;8.248287494647154050042558992573e-01;1.751712505352872872865788167474e-01;1.000000000000000000000000000000e+00;0.000000000000000000000000000000e+00;2.000000000000000111022302462516e-01;8.000000000000000444089209850063e-01;nan;nan
6.698000000000000000000000000000e+03;2.074053804104954963349882746115e+02;nan;2.632576223751731392397346098733e-01;nan;nan;1.398182490283612633419352277997e+00;8.389094941701626950703030161094e-01;nan;2.305125299188201466781336645973e-05;nan;1.000000000000000000000000000000e+00;3.034209027705728291187401227114e-06;2.093955355290542996726799174212e+00;8.252312174468402483640261380060e-01;1.747687825531626382158378874010e-01;1.000000000000000000000000000000e+00;0.000000000000000000000000000000e+00;2.000000000000000111022302462516e-01;8.000000000000000444089209850063e-01;nan;nan
6.798000000000000000000000000000e+03;2.074657854573899555816751671955e+02;nan;2.631848052584923602914557250187e-01;nan;nan;1.394956258102183710434474050999e+00;8.369737548613092048555017754552e-01;nan;2.315159591118272667479432991300e-05;nan;1.000000000000000000000000000000e+00;3.046574130653966764519045146153e-06;2.094576145142721834702115302207e+00;8.256345046701800693966788458056e-01;1.743654953298229837166388733749e-01;1.000000000000000000000000000000e+00;0.000000000000000000000000000000e+00;2.000000000000000111022302462516e-01;8.000000000000000444089209850063e-01;nan;nan
6.898000000000000000000000000000e+03;2.075264366748978943633119342849e+02;nan;2.631093593688114684603363002680e-01;nan;nan;1.391723458783765465796022908762e+00;8.350340752702524182993215617898e-01;nan;2.325260972541699639446789726893e-05;nan;1.000000000000000000000000000000e+00;3.058989624253730740951421479545e-06;2.095199451535959767056738201063e+00;8.260386128023364804562334029470e-01;1.739613871976665726570843162335e-01;1.000000000000000000000000000000e+00;0.000000000000000000000000000000e+00;2.000000000000000111022302462516e-01;8.000000000000000444089209850063e-01;nan;nan
6.998000000000000000000000000000e+03;2.075873350662444920544658089057e+02;nan;2.630312692463357415739722000581e-01;nan;nan;1.388484078960662504442780118552e+00;8.330904473763980355727198912064e-01;nan;2.335430097462738596877061814094e-05;nan;1.000000000000000000000000000000e+00;3.071455713858588504051568349174e-06;2.095825284698630053270562711987e+00;8.264435435143053787498956808122e-01;1.735564564856979796747538102863e-01;1.000000000000000000000000000000e+00;0.000000000000000000000000000000e+00;2.000000000000000111022302462516e-01;8.000000000000000444089209850063e-01;nan;nan
7.098000000000000000000000000000e+03;2.076484816387322496211709221825e+02;nan;2.629505193586332834065899533016e-01;nan;nan;1.385238105237970085426013611141e+00;8.311428631427836277723031344067e-01;nan;2.345667628405481591768490245986e-05;nan;1.000000000000000000000000000000e+00;3.083972605659776064859507044291e-06;2.096453654900730434462730045198e+00;8.268492984804831635869959427509e-01;1.731507015195200283041998545741e-01;1.000000000000000000000000000000e+00;0.000000000000000000000000000000e+00;2.000000000000000111022302462516e-01;8.000000000000000444089209850063e-01;nan;nan
7.198000000000000000000000000000e+03;2.077098774037658301949704764411e+02;nan;2.628670941002680394582569078921e-01;nan;nan;1.381985524193516834401407322730e+00;8.291913145161023956930534950516e-01;nan;2.355974236552454821017228703273e-05;nan;1.000000000000000000000000000000e+00;3.096540506688206324039129221926e-06;2.097084572454056328183469304349e+00;8.272558793786765063416055454582e-01;1.727441206213269631053464081560e-01;1.000000000000000000000000000000e+00;0.000000000000000000000000000000e+00;2.000000000000000111022302462516e-01;8.000000000000000444089209850063e-01;nan;nan
7.298000000000000000000000000000e+03;2.077715233768754217180685373023e+02;nan;2.627809777924188239239811082371e-01;nan;nan;1.378726322377808788388620087062e+00;8.272357934266802992340217315359e-01;nan;2.366350601885945057227186860693e-05;nan;1.000000000000000000000000000000e+00;3.109159624816338050076313520576e-06;2.097718047712371358670679910574e+00;8.276632878901055700993083519279e-01;1.723367121098977328141899079128e-01;1.000000000000000000000000000000e+00;0.000000000000000000000000000000e+00;2.000000000000000111022302462516e-01;8.000000000000000444089209850063e-01;nan;nan
7.398000000000000000000000000000e+03;2.078334205777314309671055525541e+02;nan;2.626921546828387965533124770445e-01;nan;nan;1.375460486313976771199918402999e+00;8.252762917883809112851167810732e-01;nan;2.376797413335414213531558702552e-05;nan;1.000000000000000000000000000000e+00;3.121830168768390249589865168001e-06;2.098354091071577443017304176465e+00;8.280715256994138906421198953467e-01;1.719284743005897730938613676699e-01;1.000000000000000000000000000000e+00;0.000000000000000000000000000000e+00;2.000000000000000111022302462516e-01;8.000000000000000444089209850063e-01;nan;nan
7.498000000000000000000000000000e+03;2.078955700301572164789831731468e+02;nan;2.626006089451186076288990989269e-01;nan;nan;1.372188002497717107530661451165e+00;8.233128014986320630796967634524e-01;nan;2.387315368921189335138684228799e-05;nan;1.000000000000000000000000000000e+00;3.134552348113723875398144505522e-06;2.098992712969886209606329430244e+00;8.284805944946728173405858797196e-01;1.715194055053306243507904582657e-01;1.000000000000000000000000000000e+00;0.000000000000000000000000000000e+00;2.000000000000000111022302462516e-01;8.000000000000000444089209850063e-01;nan;nan
7.598000000000000000000000000000e+03;2.079579727621461984199413564056e+02;nan;2.625063246787672222026799317973e-01;nan;nan;1.368908857397239442477143711585e+00;8.213453144383442428022590320325e-01;nan;2.397905175908759137443429509950e-05;nan;1.000000000000000000000000000000e+00;3.147326373280006412585293323891e-06;2.099633923887992636991839390248e+00;8.288904959673916161833062687947e-01;1.711095040326120197970993785930e-01;1.000000000000000000000000000000e+00;0.000000000000000000000000000000e+00;2.000000000000000111022302462516e-01;8.000000000000000444089209850063e-01;nan;nan
7.698000000000000000000000000000e+03;2.080206298058870970635325647891e+02;nan;2.624092859086928908318725461868e-01;nan;nan;1.365623037453207011537870130269e+00;8.193738224719135931906066616648e-01;nan;2.408567550960454228771087659133e-05;nan;1.000000000000000000000000000000e+00;3.160152455551910412377778630821e-06;2.100277734349245584155596588971e+00;8.293012318125209114683116240485e-01;1.706987681874825579786403295657e-01;1.000000000000000000000000000000e+00;0.000000000000000000000000000000e+00;2.000000000000000111022302462516e-01;8.000000000000000444089209850063e-01;nan;nan
7.798000000000000000000000000000e+03;2.080835421977679970950703136623e+02;nan;2.623094765847625575716506318713e-01;nan;nan;1.362330529078682905819164261629e+00;8.173983174471999291199608705938e-01;nan;2.419303220290938642570745253924e-05;nan;1.000000000000000000000000000000e+00;3.173030807071733096745309171682e-06;2.100924154919824093923352847924e+00;8.297128037284626778102847310947e-01;1.702871962715404863253354506014e-01;1.000000000000000000000000000000e+00;0.000000000000000000000000000000e+00;2.000000000000000111022302462516e-01;8.000000000000000444089209850063e-01;nan;nan
7.898000000000000000000000000000e+03;2.081467109784088336255081230775e+02;nan;2.622068805817654446599362927373e-01;nan;nan;1.359031318659074560883937010658e+00;8.154187911954376977163860829023e-01;nan;2.430112919829771045399612050542e-05;nan;1.000000000000000000000000000000e+00;3.185961640850050762327873646318e-06;2.101573196208911475935110502178e+00;8.301252134170763463671960380452e-01;1.698747865829273728799364562292e-01;1.000000000000000000000000000000e+00;0.000000000000000000000000000000e+00;2.000000000000000111022302462516e-01;8.000000000000000444089209850063e-01;nan;nan
7.998000000000000000000000000000e+03;2.082101371926613637697300873697e+02;nan;2.621014816988810891551509030251e-01;nan;nan;1.355725392552075359020591349690e+00;8.134352355312348681337653033552e-01;nan;2.440997395382407743097581687142e-05;nan;1.000000000000000000000000000000e+00;3.198945170764193697614209341284e-06;2.102224868868867169169334374601e+00;8.305384625836838008439144687145e-01;1.694615374163198628920667943021e-01;1.000000000000000000000000000000e+00;0.000000000000000000000000000000e+00;2.000000000000000111022302462516e-01;8.000000000000000444089209850063e-01;nan;nan
8.098000000000000000000000000000e+03;2.082738218896409136959846364334e+02;nan;2.619932636594330954693532476085e-01;nan;nan;1.352412737087609340136395985610e+00;8.114476422525559451415233525040e-01;nan;2.451957402797169137723641563209e-05;nan;1.000000000000000000000000000000e+00;3.211981611563687946111437382379e-06;2.102879183595407042162150901277e+00;8.309525529370808127893610617321e-01;1.690474470629238223917667482965e-01;1.000000000000000000000000000000e+00;0.000000000000000000000000000000e+00;2.000000000000000111022302462516e-01;8.000000000000000444089209850063e-01;nan;nan
8.198000000000000000000000000000e+03;2.083377661227385999609396094456e+02;nan;2.618822101104374411306707770564e-01;nan;nan;1.349093338567773692204809776740e+00;8.094560031406521360963779443409e-01;nan;2.462993708133835875882799992809e-05;nan;1.000000000000000000000000000000e+00;3.225071178870952837977126650970e-06;2.103536151127777031888399505988e+00;8.313674861895383738641385207302e-01;1.686325138104664000948673674429e-01;1.000000000000000000000000000000e+00;0.000000000000000000000000000000e+00;2.000000000000000111022302462516e-01;8.000000000000000444089209850063e-01;nan;nan
8.298000000000000000000000000000e+03;2.084019709496370182932878378779e+02;nan;2.617683046225094400938360195141e-01;nan;nan;1.345767183266784794426484950236e+00;8.074603099600570210725436481880e-01;nan;2.474107087838863712502858460685e-05;nan;1.000000000000000000000000000000e+00;3.238214089190567953978729456854e-06;2.104195782248932111713202175451e+00;8.317832640568140201153823909408e-01;1.682167359431901154653843377673e-01;1.000000000000000000000000000000e+00;0.000000000000000000000000000000e+00;2.000000000000000111022302462516e-01;8.000000000000000444089209850063e-01;nan;nan
8.398000000000000000000000000000e+03;2.084664374323239428576926002279e+02;nan;2.616515306892776560054869605665e-01;nan;nan;1.342434257430918265185937343631e+00;8.054605544585453635875182953896e-01;nan;2.485298328919653763468405882620e-05;nan;1.000000000000000000000000000000e+00;3.251410559906657064235986631662e-06;2.104858087785715703432742884615e+00;8.321998882581593814933285102597e-01;1.678001117418442822426527527568e-01;1.000000000000000000000000000000e+00;0.000000000000000000000000000000e+00;2.000000000000000111022302462516e-01;8.000000000000000444089209850063e-01;nan;nan
8.498000000000000000000000000000e+03;2.085311666371263754626852460206e+02;nan;2.615318717271908344201847285149e-01;nan;nan;1.339094547278453450900315147010e+00;8.034567283670681625551424076548e-01;nan;2.496568229126186862698241752945e-05;nan;1.000000000000000000000000000000e+00;3.264660809290048944757015383922e-06;2.105523078609031983887689420953e+00;8.326173605163245117211090473575e-01;1.673826394836788467035404437411e-01;1.000000000000000000000000000000e+00;0.000000000000000000000000000000e+00;2.000000000000000111022302462516e-01;8.000000000000000444089209850063e-01;nan;nan
8.598000000000000000000000000000e+03;2.085961596347079591851070290431e+02;nan;2.614093110751991022588924806769e-01;nan;nan;1.335748038999616138511328244931e+00;8.014488233997584254453272478713e-01;nan;2.507917597135002167607620293666e-05;nan;1.000000000000000000000000000000e+00;3.277965056502149165040208705912e-06;2.106190765634032402431330410764e+00;8.330356825575665480343445778999e-01;1.669643174424368381458805288275e-01;1.000000000000000000000000000000e+00;0.000000000000000000000000000000e+00;2.000000000000000111022302462516e-01;8.000000000000000444089209850063e-01;nan;nan
8.698000000000000000000000000000e+03;2.086614175000966611150943208486e+02;nan;2.612838319943233678088745364221e-01;nan;nan;1.332394718756523488423226808663e+00;7.994368312539008591954825533321e-01;nan;2.519347252736015357822869920046e-05;nan;1.000000000000000000000000000000e+00;3.291323521596186073539646449460e-06;2.106861159820291984345885794028e+00;8.334548561116558174077795229095e-01;1.665451438883476797947480463336e-01;1.000000000000000000000000000000e+00;0.000000000000000000000000000000e+00;2.000000000000000111022302462516e-01;8.000000000000000444089209850063e-01;nan;nan
8.798000000000000000000000000000e+03;2.087269413127088171222567325458e+02;nan;2.611554176673424043642057768011e-01;nan;nan;1.329034572683123194281051837606e+00;7.974207436098625922937799259671e-01;nan;2.530858027024469175930015962805e-05;nan;1.000000000000000000000000000000e+00;3.304736425521606898661345144697e-06;2.107534272171992739686174900271e+00;8.338748829118843852725717624708e-01;1.661251170881197780637705818663e-01;1.000000000000000000000000000000e+00;0.000000000000000000000000000000e+00;2.000000000000000111022302462516e-01;8.000000000000000444089209850063e-01;nan;nan
8.898000000000000000000000000000e+03;2.087927321563444991170399589464e+02;nan;2.610240511985748579348864950589e-01;nan;nan;1.325667586885137971819403901463e+00;7.954005521310780757460179302143e-01;nan;2.542450762597642599321078049623e-05;nan;1.000000000000000000000000000000e+00;3.318203990130714251904995443221e-06;2.108210113738102187141976173734e+00;8.342957646950711625422059114499e-01;1.657042353049332505943169735474e-01;1.000000000000000000000000000000e+00;0.000000000000000000000000000000e+00;2.000000000000000111022302462516e-01;8.000000000000000444089209850063e-01;nan;nan
8.998000000000000000000000000000e+03;2.088587911192334445331653114408e+02;nan;2.608897156133669348321291181492e-01;nan;nan;1.322293747440008937488187257259e+00;7.933762484639939049912982227397e-01;nan;2.554126313752918991700942286105e-05;nan;1.000000000000000000000000000000e+00;3.331726438178082098646830278010e-06;2.108888695612560315595374049735e+00;8.347175032015720086420174084196e-01;1.652824967984324877612323234644e-01;1.000000000000000000000000000000e+00;0.000000000000000000000000000000e+00;2.000000000000000111022302462516e-01;8.000000000000000444089209850063e-01;nan;nan
9.098000000000000000000000000000e+03;2.089251192940436965272965608165e+02;nan;2.607523938577888666934256889363e-01;nan;nan;1.318913040396836766632304716040e+00;7.913478242380955762769190187100e-01;nan;2.565885546691796698938990706207e-05;nan;1.000000000000000000000000000000e+00;3.345303993324936612542824104777e-06;2.109570028934457219804698979715e+00;8.351401001752846164905008663482e-01;1.648598998247199354239000967937e-01;1.000000000000000000000000000000e+00;0.000000000000000000000000000000e+00;2.000000000000000111022302462516e-01;8.000000000000000444089209850063e-01;nan;nan
9.198000000000000000000000000000e+03;2.089917177778785060127120232210e+02;nan;2.606120687984716521867767369258e-01;nan;nan;1.315525451776325294162006684928e+00;7.893152710657902471069746752619e-01;nan;2.577729339730038600909250989801e-05;nan;1.000000000000000000000000000000e+00;3.358936880147820052029683512984e-06;2.110254124888221838318713707849e+00;8.355635573636566171273898362415e-01;1.644364426363479902981623581582e-01;1.000000000000000000000000000000e+00;0.000000000000000000000000000000e+00;2.000000000000000111022302462516e-01;8.000000000000000444089209850063e-01;nan;nan
9.298000000000000000000000000000e+03;2.090585876723249327824305510148e+02;nan;2.604687232219314863002068705100e-01;nan;nan;1.312130967570721562509561408660e+00;7.872785805424268312791014068353e-01;nan;2.589658583506748641992964432568e-05;nan;1.000000000000000000000000000000e+00;3.372625324133593689452520480998e-06;2.110940994703801365517392696347e+00;8.359878765176925741187119456299e-01;1.640121234823116724843572455939e-01;1.000000000000000000000000000000e+00;0.000000000000000000000000000000e+00;2.000000000000000111022302462516e-01;8.000000000000000444089209850063e-01;nan;nan
9.398000000000000000000000000000e+03;2.091257300834609509365691337734e+02;nan;2.603223398346040107220744630467e-01;nan;nan;1.308729573743760754567233561829e+00;7.852377442462419310231780400500e-01;nan;2.601674181205170281131616727421e-05;nan;1.000000000000000000000000000000e+00;3.386369551693038195582441049480e-06;2.111630649656854430418206902687e+00;8.364130593919615330733563496324e-01;1.635869406080425192406835321890e-01;1.000000000000000000000000000000e+00;0.000000000000000000000000000000e+00;2.000000000000000111022302462516e-01;8.000000000000000444089209850063e-01;nan;nan
9.498000000000000000000000000000e+03;2.091931461218691765679977834225e+02;nan;2.601729012621327163934381587751e-01;nan;nan;1.305321256230605797554744640365e+00;7.831927537383525095293634876725e-01;nan;2.613777048770585039881748923296e-05;nan;1.000000000000000000000000000000e+00;3.400169790155091274476374316182e-06;2.112323101068929176449273654725e+00;8.368391077446042380927337944740e-01;1.631608922553998142213060873473e-01;1.000000000000000000000000000000e+00;0.000000000000000000000000000000e+00;2.000000000000000111022302462516e-01;8.000000000000000444089209850063e-01;nan;nan
9.598000000000000000000000000000e+03;2.092608369026463606132892891765e+02;nan;2.600203900493092690204832706513e-01;nan;nan;1.301906000937789187332782603335e+00;7.811436005626571921212075721996e-01;nan;2.625968115139703254684935829211e-05;nan;1.000000000000000000000000000000e+00;3.414026267778376205405677090710e-06;2.113018360307654219809592177626e+00;8.372660233373394600420169808785e-01;1.627339766626645922720229009428e-01;1.000000000000000000000000000000e+00;0.000000000000000000000000000000e+00;2.000000000000000111022302462516e-01;8.000000000000000444089209850063e-01;nan;nan
9.698000000000000000000000000000e+03;2.093288035454562816539691993967e+02;nan;2.598647886595344402849150355905e-01;nan;nan;1.298483793743156589073350914987e+00;7.790902762458766783737473815563e-01;nan;2.638248322469665871608385243618e-05;nan;1.000000000000000000000000000000e+00;3.427939213749756381131644430993e-06;2.113716438786926055115600320278e+00;8.376938079354718791336154026794e-01;1.623061920645312294908535477589e-01;1.000000000000000000000000000000e+00;0.000000000000000000000000000000e+00;2.000000000000000111022302462516e-01;8.000000000000000444089209850063e-01;nan;nan
9.798000000000000000000000000000e+03;2.093970471745083159476052969694e+02;nan;2.597060794745712497544332109101e-01;nan;nan;1.295054620495807107261043711333e+00;7.770327722974712525427776199649e-01;nan;2.650618626375349196847702737401e-05;nan;1.000000000000000000000000000000e+00;3.441908858191076843132706619688e-06;2.114417347967098237404570681974e+00;8.381224633079014108005821981351e-01;1.618775366921016978238867523032e-01;1.000000000000000000000000000000e+00;0.000000000000000000000000000000e+00;2.000000000000000111022302462516e-01;8.000000000000000444089209850063e-01;nan;nan
9.898000000000000000000000000000e+03;2.094655689186007521129795350134e+02;nan;2.595442447941244124010040650319e-01;nan;nan;1.291618467016035332051160366973e+00;7.749710802096050343834576779045e-01;nan;2.663079996169850086540006883773e-05;nan;1.000000000000000000000000000000e+00;3.455935432161218336501520842496e-06;2.115121099355167011424327938585e+00;8.385519912271267584102929504297e-01;1.614480087728765722587809250399e-01;1.000000000000000000000000000000e+00;0.000000000000000000000000000000e+00;2.000000000000000111022302462516e-01;8.000000000000000444089209850063e-01;nan;nan
9.998000000000000000000000000000e+03;2.095343699111283797265059547499e+02;nan;2.593792668355903163757147922297e-01;nan;nan;1.288175319095273607672424986959e+00;7.729051914571472003956387197832e-01;nan;2.675633415111811435845891316010e-05;nan;1.000000000000000000000000000000e+00;3.470019167662541536607681905147e-06;2.115827704504966266796373020043e+00;8.389823934692547391378525389882e-01;1.610176065307485915312213364814e-01;1.000000000000000000000000000000e+00;0.000000000000000000000000000000e+00;2.000000000000000111022302462516e-01;8.000000000000000444089209850063e-01;nan;nan
